tree
version=v4
num_class=1
num_tree_per_iteration=1
label_index=0
max_feature_idx=54
objective=regression
feature_names=ss_expectedGoals_p90 ss_expectedAssists_p90 ss_keyPasses_p90 ss_bigChancesCreated_p90 ss_successfulDribbles_p90 ss_accurateFinalThirdPasses_p90 ss_accurateOppositionHalfPasses_p90 ss_accuratePasses_p90 ss_accurateLongBalls_p90 ss_touches_p90 ss_ballRecovery_p90 ss_possessionWonAttThird_p90 ss_tacklesWon_p90 ss_interceptions_p90 ss_clearances_p90 ss_aerialDuelsWon_p90 ss_groundDuelsWon_p90 ss_dispossessed_p90 ss_possessionLost_p90 ss_dribbledPast_p90 ss_wasFouled_p90 ss_shotsFromInsideTheBox_p90 ss_totalShots_p90 ss_goals_p90 ss_outfielderBlocks_p90 ss_errorLeadToShot_p90 ss_totwAppearances_p90 ss_accuratePassesPercentage ss_aerialDuelsWonPercentage ss_groundDuelsWonPercentage ss_successfulDribblesPercentage ss_rating ss_np_goals_minus_xg_p90 ss_start_share fpl_influence_p90 fpl_creativity_p90 fpl_threat_p90 fpl_bps_p90 fpl_defensive_contribution_p90 fpl_recoveries_p90 fpl_tackles_p90 fpl_clearances_blocks_interceptions_p90 fpl_expected_goals_conceded_p90 fpl_goals_conceded_p90 fpl_clean_sheets_p90 fpl_expected_goals_p90 fpl_expected_assists_p90 fpl_start_share Age Age_sq Min team_ppm pos_DF pos_FW pos_MF
feature_infos=[0.0012947122861586:0.77683153347732181] [0.0028850672727272:0.43644633186481591] [0:3.8948497854077258] [0:0.97767048883524443] [0:4.231257941550191] [2.0909090909090908:24.333132166566084] [3.984375:51.672522839072379] [5.0390625:87.343640196767396] [0:5.8570119156736942] [22.281167108753316:111.1243851018974] [1.1868131868131868:8.2453868565878921] [0:1.3490364025695931] [0.081081081081081002:2.7901430842607313] [0:2.0896717373899119] [0.057179161372299801:8.221503637833468] [0:7.265625] [0.68095838587641866:8.5768742058449821] [0:3.145631067961165] [3.631778058007566:21.360759493670887] [0:1.9740777666999003] [0:3.4351145038167941] [0:3.4665226781857452] [0:3.8552915766738662] [0:0.80993520518358531] [0:1.411764705882353] [0:0.26785714285714279] [0:0.2506963788300835] [42.574257430000003:95.283975659999996] [0:79.41176471] [20.37037037:72.222222220000006] [0:100] [6.4000000000000004:7.5718750000000004] [-0.32568219339622639:0.18581993204983011] [0.32000000000000001:1] [5.5879120879120876:36.939641109298528] [0.83180682764363023:56.921696574225123] [0.79445145018915508:46.325770402980019] [4.6183450930083385:29.598694942903752] [2.6162790697674416:13.910564225690274] [1.1831726555652935:8.2653061224489797] [0.10044642857142851:4.5164233576642339] [0.46175373134328351:9.9731363331094691] [0.51549793753682982:2.2256452955870105] [0.42427813789039481:2.5739644970414197] [0:0.68945197407189163] [0:0.77717575347104639] [0.0021531100478468001:0.45050790067720081] [0.2368421052631578:1] [17:35] [0:100] [901:3420] [0.514257526391242:2.2354225795376519] [0:1] [0:1] [0:1]
tree_sizes=623 812 727 810 648 817 649 815 896 568 813 817 813 817 897 647 793 892 809 895 813 1155 815 903 892 818 898 894 812 731 896 817 813 734 903 653 980 820 979 650 656 737 1060 796 568 986 983 630 1078 819 905 632 983 821 656 998 827 1068 823 1171 823 823 1089 659 831 826 907 787 661 1012 663 740 995 744 662 1152 748 579 663 829 808 745 1002 828 911 745 665 666 747 915 826 668 717 650 745 890 665 748 667 831 580 668 586 895 743 828 832 836 575 670 834 835 731 669 748 1087 1085 753 840 581 1083 668 672 918 751 751 1091 572 647 759 920 901 670 668 922 648 634 1169 920 671 657 581 926 666 672 806 753 572 575 661 583 650 790 667 923 581 838 793 830 843 671 585 664 752 817 905 586 669 903 835 833 585 645 670 929 649 668 583 836 903 722 666 892 649 836 585 632 671 669 583 670 901 587 584 721 649 925 672 732 670

Tree=0
num_leaves=6
num_cat=0
split_feature=48 51 31 48 48
split_gain=107.001 26.5099 14.6256 7.94131 6.45407
threshold=29.500000000000004 0.80801608368726308 6.9286363635000008 26.500000000000004 24.500000000000004
decision_type=2 2 2 2 2
left_child=1 -1 4 -4 -3
right_child=-2 2 3 -5 -6
leaf_value=16.912405722931229 16.874664357954448 16.950995210511017 16.973405557711981 16.943449370219355 16.935387385171332
leaf_weight=34 39 89 52 20 80
leaf_count=34 39 89 52 20 80
internal_value=16.9366 16.9454 16.9501 16.9652 16.9436
internal_weight=314 275 241 72 169
internal_count=314 275 241 72 169
is_linear=0
shrinkage=1


Tree=1
num_leaves=8
num_cat=0
split_feature=48 42 37 48 42 48 11
split_gain=98.6317 27.8612 15.725 7.26771 6.0799 2.26428 2.0886
threshold=29.500000000000004 1.5234290132434214 16.574270304973876 26.500000000000004 1.7426364312699476 26.500000000000004 0.32413011898173777
decision_type=2 2 2 2 2 2 2
left_child=1 2 5 -4 6 -1 -3
right_child=-2 4 3 -5 -6 -7 -8
leaf_value=0.0082872647642372038 -0.059446290136908025 -0.014436590969191854 0.032819522077316747 0.0073459293671663374 -0.031235097307727964 -0.0047797733932415359 0.0036894217682121996
leaf_weight=83 39 20 77 24 23 28 20
leaf_count=83 39 20 77 24 23 28 20
internal_value=0 0.00844869 0.0153974 0.0268192 -0.0148581 0.00495374 -0.00528723
internal_weight=314 275 212 101 63 111 40
internal_count=314 275 212 101 63 111 40
is_linear=0
shrinkage=0.04


Tree=2
num_leaves=7
num_cat=0
split_feature=48 51 51 48 50 50
split_gain=90.916 22.879 12.2227 7.31693 5.45658 4.39558
threshold=29.500000000000004 1.0629335849579438 1.5268657886084471 25.500000000000004 1788.5000000000002 1770.5000000000002
decision_type=2 2 2 2 2 2
left_child=1 4 3 -3 -1 -4
right_child=-2 2 5 -5 -6 -7
leaf_value=-0.028786179810432487 -0.057074521068112005 0.013455591839920057 0.017113159526966008 -0.0045797105826676007 -0.0014056524034077522 0.038505683744331859
leaf_weight=27 39 110 31 53 21 33
leaf_count=27 39 110 31 53 21 33
internal_value=0 0.00811076 0.013426 0.00756762 -0.0169182 0.0282489
internal_weight=314 275 227 163 48 64
internal_count=314 275 227 163 48 64
is_linear=0
shrinkage=0.04


Tree=3
num_leaves=8
num_cat=0
split_feature=48 42 37 48 42 17 48
split_gain=83.8036 24.4176 13.391 6.45278 6.00699 2.41089 2.08625
threshold=29.500000000000004 1.499907212668564 16.574270304973876 26.500000000000004 1.7426364312699476 0.7679677394426826 26.500000000000004
decision_type=2 2 2 2 2 2 2
left_child=1 2 6 -4 5 -3 -1
right_child=-2 4 3 -5 -6 -7 -8
leaf_value=0.0082347693849939632 -0.054797379895091966 -0.013184732974070237 0.031008734132864472 0.0065611366998581657 -0.029165532232879043 0.0046324817990860993 -0.0044269566879577907
leaf_weight=77 39 24 76 23 23 24 28
leaf_count=77 39 24 76 23 23 24 28
internal_value=0 0.00778625 0.0148252 0.0253817 -0.0123746 -0.00420186 0.00481925
internal_weight=314 275 204 99 71 48 105
internal_count=314 275 204 99 71 48 105
is_linear=0
shrinkage=0.04


Tree=4
num_leaves=6
num_cat=0
split_feature=48 51 31 48 48
split_gain=77.4627 23.4552 13.8086 8.83654 6.3102
threshold=30.500000000000004 0.80801608368726308 6.9286363635000008 27.500000000000004 26.500000000000004
decision_type=2 2 2 2 2
left_child=1 -1 3 -3 -4
right_child=-2 2 4 -5 -6
leaf_value=-0.024150302762222419 -0.065988839028895574 0.0082641959112446633 0.032431030440467787 -0.015482317098846468 0.0065975789327966669
leaf_weight=36 26 148 52 30 22
leaf_count=36 26 148 52 30 22
internal_value=0 0.00597552 0.0103029 0.00423307 0.0248241
internal_weight=314 288 252 178 74
internal_count=314 288 252 178 74
is_linear=0
shrinkage=0.04


Tree=5
num_leaves=8
num_cat=0
split_feature=48 42 37 48 42 17 26
split_gain=71.6719 21.3411 12.3595 5.54458 4.46619 1.98379 1.78271
threshold=29.500000000000004 1.5234290132434214 16.574270304973876 26.500000000000004 1.7426364312699476 0.75145262047581096 0.035785310900599311
decision_type=2 2 2 2 2 2 2
left_child=1 2 6 -4 5 -3 -1
right_child=-2 4 3 -5 -6 -7 -8
leaf_value=-0.00010917558553156622 -0.050677426256182247 -0.013891650907954767 0.028651140662062379 0.0063726899961465619 -0.027240536466111871 0.0037742782469412581 0.010150113059063246
leaf_weight=66 39 20 77 24 23 20 45
leaf_count=66 39 20 77 24 23 20 45
internal_value=0 0.00719928 0.0132821 0.0234084 -0.0131952 -0.00497155 0.00401938
internal_weight=314 275 212 101 63 40 111
internal_count=314 275 212 101 63 40 111
is_linear=0
shrinkage=0.04


Tree=6
num_leaves=6
num_cat=0
split_feature=48 42 37 48 48
split_gain=66.9303 23.1398 13.6283 6.57035 3.68594
threshold=30.500000000000004 1.6198910025221902 16.574270304973876 25.500000000000004 26.500000000000004
decision_type=2 2 2 2 2
left_child=1 2 4 -4 -1
right_child=-2 -3 3 -5 -6
leaf_value=0.0052751718484532828 -0.061340068973800684 -0.023457956670580572 0.027725047276763198 0.0082256977302823091 -0.0096828067566621587
leaf_weight=97 26 38 70 47 36
leaf_count=97 26 38 70 47 36
internal_value=0 0.0055532 0.00998651 0.0199398 0.00119211
internal_weight=314 288 250 117 133
internal_count=314 288 250 117 133
is_linear=0
shrinkage=0.04


Tree=7
num_leaves=8
num_cat=0
split_feature=49 42 37 50 42 26 11
split_gain=47.3249 22.1709 11.0793 5.56905 4.95755 2.62322 2.13554
threshold=42.500000000000007 1.5181183000585363 16.574270304973876 2451.0000000000005 1.7426364312699476 0.035785310900599311 0.31010534051935329
decision_type=2 2 2 2 2 2 2
left_child=1 2 5 -4 6 -1 -3
right_child=-2 4 3 -5 -6 -7 -8
leaf_value=-0.0027456089594947086 -0.05053221398576186 -0.015946091699659527 0.013271356216926995 0.032533652437679722 -0.028886311449310326 0.0097516000418890279 0.0019435599675545325
leaf_weight=68 27 20 69 38 26 44 22
leaf_count=68 27 20 69 38 26 44 22
internal_value=0 0.00476543 0.0109706 0.0201735 -0.0151468 0.00213265 -0.00649795
internal_weight=314 287 219 107 68 112 42
internal_count=314 287 219 107 68 112 42
is_linear=0
shrinkage=0.04


Tree=8
num_leaves=9
num_cat=0
split_feature=48 31 26 42 42 4 14 21
split_gain=58.6034 17.6592 13.6426 7.58908 6.48898 3.41342 2.03079 2.01517
threshold=28.500000000000004 6.8625313285000002 0.034021697754092063 1.7426364312699476 1.3117921515618731 0.37828747197870582 1.7422475184534034 1.3470893594958671
decision_type=2 2 2 2 2 2 2 2
left_child=1 3 -2 7 6 -6 -3 -1
right_child=2 4 -4 -5 5 -7 -8 -9
leaf_value=8.6564313511484426e-05 -0.062992866157945998 0.040860287139858058 -0.020863200334441619 -0.022413178444987511 -0.0012359131173499951 0.01897588021098039 0.023180257627330874 0.011431942459904896
leaf_weight=106 22 22 29 22 21 35 24 33
leaf_count=106 22 22 29 22 21 35 24 33
internal_value=0 0.00760883 -0.0392028 -0.000619177 0.0206232 0.0113365 0.031793 0.00281511
internal_weight=314 263 51 161 102 56 46 139
internal_count=314 263 51 161 102 56 46 139
is_linear=0
shrinkage=0.04


Tree=9
num_leaves=5
num_cat=0
split_feature=48 51 6 48
split_gain=54.7914 17.0311 10.8834 8.76852
threshold=30.500000000000004 0.80801608368726308 24.980653588783294 27.500000000000004
decision_type=2 2 2 2
left_child=1 -1 3 -3
right_child=-2 2 -4 -5
leaf_value=-0.020642419280768102 -0.055500218183144753 0.0090406506960725077 0.029754732266898728 -0.012274033828887015
leaf_weight=36 26 181 34 37
leaf_count=36 26 181 34 37
internal_value=0 0.00502374 0.00871294 0.00540071
internal_weight=314 288 252 218
internal_count=314 288 252 218
is_linear=0
shrinkage=0.04


Tree=10
num_leaves=8
num_cat=0
split_feature=48 42 37 50 42 17 48
split_gain=50.5739 15.4309 8.3199 4.39762 3.35665 1.80742 1.42092
threshold=29.500000000000004 1.499907212668564 16.574270304973876 1629.0000000000002 1.7426364312699476 0.77480612581777519 26.500000000000004
decision_type=2 2 2 2 2 2 2
left_child=1 2 6 -4 5 -3 -1
right_child=-2 4 3 -5 -6 -7 -8
leaf_value=0.0065693322687993263 -0.042572228638717277 -0.011304768114925857 0.0059750416643945059 0.025141219620372659 -0.022542020255353026 0.0041209203817627648 -0.0038710028192963037
leaf_weight=77 39 25 27 72 23 23 28
leaf_count=77 39 25 27 72 23 23 28
internal_value=0 0.00604525 0.0116429 0.0199657 -0.00997577 -0.00383693 0.00374615
internal_weight=314 275 204 99 71 48 105
internal_count=314 275 204 99 71 48 105
is_linear=0
shrinkage=0.04


Tree=11
num_leaves=8
num_cat=0
split_feature=48 51 47 31 51 48 31
split_gain=47.3443 15.4928 8.90535 6.05464 5.56478 3.20949 2.00052
threshold=30.500000000000004 1.3701915226950534 0.56578947368421073 7.0065151515000013 0.80801608368726308 26.500000000000004 6.8645104895000015
decision_type=2 2 2 2 2 2 2
left_child=1 2 4 5 -1 -3 -4
right_child=-2 3 6 -5 -6 -7 -8
leaf_value=-0.028326975791102861 -0.051592350499383335 0.014114793876090673 0.00068249636073046784 0.031254583262569961 -0.0058661106941492657 -0.0021630402663314484 0.014607143931932425
leaf_weight=25 26 80 38 28 62 25 30
leaf_count=25 26 80 38 28 62 25 30
internal_value=0 0.00466832 -0.00390467 0.0146849 -0.0123914 0.0102027 0.00689689
internal_weight=314 288 155 133 87 105 68
internal_count=314 288 155 133 87 105 68
is_linear=0
shrinkage=0.04


Tree=12
num_leaves=8
num_cat=0
split_feature=48 31 26 42 42 23 12
split_gain=44.1285 13.935 11.925 5.51054 5.37763 2.27945 1.81924
threshold=28.500000000000004 6.8625313285000002 0.034021697754092063 1.7426364312699476 1.3817902385762 0.10204163614983716 0.62420548452082403
decision_type=2 2 2 2 2 2 2
left_child=1 3 -2 6 5 -3 -1
right_child=2 4 -4 -5 -6 -7 -8
leaf_value=0.010095925068859531 -0.056250411989462318 0.017303911083380891 -0.016882733470181009 -0.019277951177968159 0.0063295101809798917 0.033045436207007763 -0.00040306719506694421
leaf_weight=35 22 31 29 22 39 32 104
leaf_count=35 22 31 29 22 39 32 104
internal_value=0 0.00660114 -0.03402 -0.00070537 0.0181625 0.0254027 0.00221717
internal_weight=314 263 51 161 102 63 139
internal_count=314 263 51 161 102 63 139
is_linear=0
shrinkage=0.04


Tree=13
num_leaves=8
num_cat=0
split_feature=49 42 37 33 42 26 17
split_gain=31.314 15.464 7.57679 4.07825 3.47257 1.86544 1.35923
threshold=42.500000000000007 1.499907212668564 16.574270304973876 0.61679644048943283 1.8048419236709041 0.035785310900599311 0.7679677394426826
decision_type=2 2 2 2 2 2 2
left_child=1 2 5 -4 6 -1 -3
right_child=-2 4 3 -5 -6 -7 -8
leaf_value=-0.0025625417195555716 -0.041106978510867295 -0.012328529109045402 0.00094385899497434424 0.020834039192642366 -0.026108584248307923 0.0081348184619495934 0.00023506755001872657
leaf_weight=63 27 29 21 85 20 44 25
leaf_count=63 27 29 21 85 20 44 25
internal_value=0 0.00387426 0.00935683 0.0169358 -0.011844 0.00180251 -0.00644843
internal_weight=314 287 213 106 74 107 54
internal_count=314 287 213 106 74 107 54
is_linear=0
shrinkage=0.04


Tree=14
num_leaves=9
num_cat=0
split_feature=48 31 31 0 51 6 50 48
split_gain=39.0753 12.0978 9.41654 4.69635 4.14454 4.09403 2.35833 2.16138
threshold=28.500000000000004 6.8625313285000002 6.8418859650000003 0.20448847636746545 1.0629335849579438 22.99015788047161 1550.0000000000002 24.500000000000004
decision_type=2 2 2 10 2 2 2 2
left_child=1 4 -2 5 6 -3 -1 -6
right_child=2 3 -4 -5 7 -7 -8 -9
leaf_value=-0.020924584736332512 -0.048240888173179876 0.0056144016843839703 -0.013467983075444629 0.033429244244260484 0.0080789588941704675 0.024721567520467409 -0.0015132914127698586 -0.0026482888618095386
leaf_weight=21 27 52 24 22 65 28 20 55
leaf_count=21 27 52 24 22 65 28 20 55
internal_value=0 0.00621082 -0.0320138 0.0169831 -0.000595322 0.0123744 -0.0115797 0.00313089
internal_weight=314 263 51 102 161 80 41 120
internal_count=314 263 51 102 161 80 41 120
is_linear=0
shrinkage=0.04


Tree=15
num_leaves=6
num_cat=0
split_feature=48 42 6 48 48
split_gain=36.4652 12.8524 6.86231 5.94155 3.4192
threshold=30.500000000000004 1.5234290132434214 24.261955855303498 27.500000000000004 25.500000000000004
decision_type=2 2 2 2 2
left_child=1 2 3 -1 -3
right_child=-2 4 -4 -5 -6
leaf_value=0.0088758964187253646 -0.04528015709471428 -0.002935479956495794 0.025015406571222504 -0.010237955526715305 -0.021247835385046925
leaf_weight=155 26 37 35 31 30
leaf_count=155 26 37 35 31 30
internal_value=0 0.0040952 0.00875754 0.00566497 -0.0112141
internal_weight=314 288 221 186 67
internal_count=314 288 221 186 67
is_linear=0
shrinkage=0.04


Tree=16
num_leaves=8
num_cat=0
split_feature=49 42 37 33 42 47 11
split_gain=25.2177 12.6557 6.43196 3.04621 2.98495 1.90999 1.0984
threshold=42.500000000000007 1.499907212668564 18.01487793157342 0.74537037037037046 1.8048419236709041 0.61842105263157909 0.31010534051935329
decision_type=2 2 2 2 2 2 2
left_child=1 2 5 -4 6 -1 -3
right_child=-2 4 3 -5 -6 -7 -8
leaf_value=-0.0014964581453128481 -0.036891991314632867 -0.011424467408294168 0.0081087869956346544 0.024148788315743012 -0.023970437479108125 0.0080600219320287412 0
leaf_weight=70 27 27 34 46 20 63 27
leaf_count=70 27 27 34 46 20 63 27
internal_value=0 0.00347392 0.00843479 0.0174004 -0.0107435 0.0030029 -0.00573541
internal_weight=314 287 213 80 74 133 54
internal_count=314 287 213 80 74 133 54
is_linear=0
shrinkage=0.04


Tree=17
num_leaves=9
num_cat=0
split_feature=48 42 36 37 50 37 48 12
split_gain=32.1881 9.07561 7.95549 5.54023 3.98632 2.05735 1.2813 0.772962
threshold=28.500000000000004 1.499907212668564 11.068827913399316 16.574270304973876 1629.0000000000002 13.672261023663088 24.500000000000004 1.2673872547379226
decision_type=2 2 2 2 2 2 2 2
left_child=1 3 -2 7 -5 -3 -7 -1
right_child=2 5 -4 4 -6 6 -8 -9
leaf_value=0.00554342105650795 -0.043396295805418615 -0.015657755790485277 -0.011319286981960395 0.0029714170481654123 0.022146389727287882 0.0050180894336401115 -0.0087571103730011944 -0.0025592314838373811
leaf_weight=78 28 26 23 24 68 23 20 24
leaf_count=78 28 26 23 24 68 23 20 24
internal_value=0 0.00563389 -0.0290589 0.0100724 0.0171963 -0.0067839 -0.00130163 0.0035971
internal_weight=314 263 51 194 92 69 43 102
internal_count=314 263 51 194 92 69 43 102
is_linear=0
shrinkage=0.04


Tree=18
num_leaves=8
num_cat=0
split_feature=48 51 50 42 51 48 5
split_gain=29.698 10.7621 5.78559 4.32359 3.64784 3.26348 1.40899
threshold=30.500000000000004 1.3701915226950534 1902.5000000000002 1.7426364312699476 1.962859278228916 26.500000000000004 9.1512723886824627
decision_type=2 2 2 2 2 2 2
left_child=1 2 3 -1 5 -3 -4
right_child=-2 4 6 -5 -6 -7 -8
leaf_value=-0.0051025059411649943 -0.040866628085973161 0.01225643757277119 0.0015626819615155261 -0.025924030655368246 0.024641152255723563 -0.0046861317469960159 0.014430033822557821
leaf_weight=69 26 81 45 21 29 23 20
leaf_count=69 26 81 45 21 29 23 20
internal_value=0 0.00369228 -0.00344977 -0.0100286 0.0120421 0.0084702 0.0055994
internal_weight=314 288 155 90 133 104 65
internal_count=314 288 155 90 133 104 65
is_linear=0
shrinkage=0.04


Tree=19
num_leaves=9
num_cat=0
split_feature=48 26 31 45 6 42 38 50
split_gain=27.8986 9.50778 9.17033 3.89359 3.26554 3.18008 2.04094 1.72904
threshold=28.500000000000004 0.034021697754092063 6.8625313285000002 0.21455644883235961 22.99015788047161 1.4937791411042949 8.2065318919094548 1413.0000000000002
decision_type=2 2 2 2 2 2 2 2
left_child=2 -2 5 4 -4 6 -1 -7
right_child=1 -3 3 -5 -6 7 -8 -9
leaf_value=0.007311225233261596 -0.046890116576695333 -0.01176036219621442 0.0046462336794355717 0.030522792096161724 0.021470964325662329 -0.015845125596185297 -0.004789903561042105 -0.0018036723922868476
leaf_weight=71 22 29 53 20 29 26 32 32
leaf_count=71 22 29 53 20 29 26 32 32
internal_value=0 -0.0270548 0.0052438 0.0146232 0.0106641 -0.000678979 0.00351185 -0.0081834
internal_weight=314 51 263 102 82 161 103 58
internal_count=314 51 263 102 82 161 103 58
is_linear=0
shrinkage=0.04


Tree=20
num_leaves=8
num_cat=0
split_feature=48 51 47 51 51 48 14
split_gain=25.8437 9.51288 5.59207 3.49335 3.19703 2.80985 1.4085
threshold=30.500000000000004 1.3701915226950534 0.61842105263157909 0.80801608368726308 1.962859278228916 26.500000000000004 1.566224078648274
decision_type=2 2 2 2 2 2 2
left_child=1 2 3 -1 5 -3 -4
right_child=-2 4 6 -5 -6 -7 -8
leaf_value=-0.022111524934787675 -0.038123548706829317 0.011460388091159696 0.014386806198105014 -0.004626463906192411 0.023093870980633084 -0.0042515962922469877 0.001476874024358721
leaf_weight=25 26 81 22 71 29 23 37
leaf_count=25 26 81 22 71 29 23 37
internal_value=0 0.00344345 -0.00327015 -0.00923976 0.0112942 0.00794645 0.00637463
internal_weight=314 288 155 96 133 104 59
internal_count=314 288 155 96 133 104 59
is_linear=0
shrinkage=0.04


Tree=21
num_leaves=12
num_cat=0
split_feature=26 51 17 32 5 36 7 4 51 27 12
split_gain=11.8081 5.9729 4.67646 4.94402 3.07872 2.54817 2.11421 1.63561 1.32178 1.16005 0.465996
threshold=1.0000000180025095e-35 1.4535081894886552 0.79622598027439329 -0.0060115666811516493 10.306975218593204 22.241159618161525 38.044636116563503 0.18828781512605045 1.2684851809297799 86.44271052000002 0.97768601628726215
decision_type=2 2 2 8 2 2 2 2 2 2 2
left_child=2 4 3 6 7 9 -1 -2 -4 -3 -10
right_child=1 5 8 -5 -6 -7 -8 -9 10 -11 -12
leaf_value=-0.015253869971446007 -0.011298200222965959 0.0042066582317035906 -0.0084835395371759097 -0.029682636595834255 0.013258505738529332 0.028781204855264121 0.001489711430329847 0.0010509508864213061 0.0076224008188428474 0.017991662421333258 -0.00073393495002789283
leaf_weight=27 23 21 23 26 27 20 21 65 21 20 20
leaf_count=27 23 21 23 26 27 20 21 65 21 20 20
internal_value=0 0.00685763 -0.00876577 -0.0156095 0.0014486 0.0169705 -0.00785753 -0.00214043 -0.000778303 0.0110558 0.00345695
internal_weight=314 176 138 74 115 61 48 88 64 41 41
internal_count=314 176 138 74 115 61 48 88 64 41 41
is_linear=0
shrinkage=0.04


Tree=22
num_leaves=8
num_cat=0
split_feature=48 26 31 50 51 42 42
split_gain=23.8557 8.1893 7.7152 4.48559 2.82477 2.64169 0.992595
threshold=28.500000000000004 0.034021697754092063 6.991477272500001 1596.5000000000002 1.5268657886084471 1.6198910025221902 1.3195519421860886
decision_type=2 2 2 2 2 2 2
left_child=2 -2 3 5 -5 -1 -4
right_child=1 -3 6 4 -6 -7 -8
leaf_value=-0.00063021844854453419 -0.043429620789186982 -0.010810425982032855 0.026348410812438341 0.0034458889446634506 0.018063739417223914 -0.015802406524789744 0.013625077798086055
leaf_weight=64 22 29 22 102 27 26 22
leaf_count=64 22 29 22 102 27 26 22
internal_value=0 -0.0250172 0.00484959 0.00175496 0.00654804 -0.00507036 0.0201228
internal_weight=314 51 263 219 129 90 44
internal_count=314 51 263 219 129 90 44
is_linear=0
shrinkage=0.04


Tree=23
num_leaves=9
num_cat=0
split_feature=48 42 48 31 23 42 48 28
split_gain=22.0537 7.92491 5.46317 3.83853 2.2197 1.3931 1.21883 0.986571
threshold=30.500000000000004 1.4118692760835694 25.500000000000004 6.9286363635000008 1.0000000180025095e-35 1.2903165179308249 25.500000000000004 52.050420170000002
decision_type=2 2 2 2 2 2 2 2
left_child=1 3 4 6 -3 -5 -1 -4
right_child=-2 2 7 5 -6 -7 -8 -9
leaf_value=0.0080767449818102983 -0.035216206759785325 -0.0070451183735849377 -0.018487535521063105 0.024608287349398284 0.0073923942903610885 0.010869792631800244 -0.00070060664211468932 -0.0068998776792914942
leaf_weight=68 26 25 32 27 52 24 39 21
leaf_count=68 26 25 32 27 52 24 39 21
internal_value=0 0.00318207 -0.00411012 0.00920607 0.00264995 0.0182553 0.00484251 -0.0139932
internal_weight=314 288 130 158 77 51 107 53
internal_count=314 288 130 158 77 51 107 53
is_linear=0
shrinkage=0.04


Tree=24
num_leaves=9
num_cat=0
split_feature=48 26 50 37 42 41 7 48
split_gain=20.5487 7.4075 6.20932 5.42717 2.8221 1.534 1.26276 0.984854
threshold=28.500000000000004 0.034021697754092063 1596.5000000000002 16.574270304973876 1.6198910025221902 1.4884663750799183 42.460523682847601 24.500000000000004
decision_type=2 2 2 2 2 2 2 2
left_child=2 -2 4 6 7 -5 -4 -1
right_child=1 -3 3 5 -6 -7 -8 -9
leaf_value=0.0044206940016826516 -0.040729577516740799 -0.0097038859461155754 0.00011413839157726796 0.025654535226802114 -0.014850070863619618 0.013004995966056787 0.011494589044807468 -0.0053415430174982414
leaf_weight=42 22 29 73 24 26 51 20 27
leaf_count=42 22 29 73 24 26 51 20 27
internal_value=0 -0.0232193 0.00450013 0.0091268 -0.00364071 0.0171349 0.00261423 0.000540599
internal_weight=314 51 263 168 95 75 93 69
internal_count=314 51 263 168 95 75 93 69
is_linear=0
shrinkage=0.04


Tree=25
num_leaves=8
num_cat=0
split_feature=48 51 50 31 42 38 5
split_gain=19.1959 7.12757 3.81358 3.09887 3.01061 1.95459 0.974391
threshold=30.500000000000004 1.3701915226950534 1902.5000000000002 7.0065151515000013 1.7426364312699476 8.2065318919094548 9.1512723886824627
decision_type=2 2 2 2 2 2 2
left_child=1 2 4 5 -1 -3 -4
right_child=-2 3 6 -5 -6 -7 -8
leaf_value=-0.0040626103339336719 -0.032855700090013699 0.010487374693866923 0.0011271599904033138 0.021630545519424928 -0.021453743702709957 -0.00090807777919762675 0.011843694700345176
leaf_weight=69 26 69 45 28 21 36 20
leaf_count=69 26 69 45 28 21 36 20
internal_value=0 0.00296844 -0.00284015 0.00976495 -0.00818424 0.00654516 0.00449913
internal_weight=314 288 155 133 90 105 65
internal_count=314 288 155 133 90 105 65
is_linear=0
shrinkage=0.04


Tree=26
num_leaves=9
num_cat=0
split_feature=48 31 31 0 6 51 1 48
split_gain=17.8371 6.03918 5.86589 2.89304 2.08759 1.78334 1.59799 1.10272
threshold=28.500000000000004 6.8625313285000002 6.8418859650000003 0.20448847636746545 23.921233415573628 1.2951956677234302 0.081878433544744403 23.500000000000004
decision_type=2 2 2 10 2 2 2 2
left_child=1 5 -2 4 -3 6 -1 -7
right_child=2 3 -4 -5 -6 7 -8 -9
leaf_value=-0.00087137546516463497 -0.034428543093789545 0.0037158509771155362 -0.0069887965439946334 0.02471546653708721 0.017782060750927108 0.0088109620827201158 -0.01294564180361585 -0.0005903027628455528
leaf_weight=56 27 55 24 22 25 36 26 43
leaf_count=56 27 55 24 22 25 36 26 43
internal_value=0 0.0041929 -0.0216329 0.0118049 0.00817819 -0.000609136 -0.00475963 0.00364897
internal_weight=314 263 51 102 80 161 82 79
internal_count=314 263 51 102 80 161 82 79
is_linear=0
shrinkage=0.04


Tree=27
num_leaves=9
num_cat=0
split_feature=48 42 48 31 0 34 31 40
split_gain=16.6447 6.3582 4.54976 2.95244 1.4372 1.26273 1.25986 1.12413
threshold=30.500000000000004 1.4118692760835694 24.500000000000004 6.8625313285000002 0.12476691365979382 17.9830182733001 6.6745967740000003 2.0751579902490147
decision_type=2 2 2 2 10 2 2 2
left_child=1 3 5 7 -5 -3 -4 -1
right_child=-2 2 6 4 -6 -7 -8 -9
leaf_value=0.0056934366765712544 -0.030595174551124316 -0.0019533168596193142 -0.018887927605016199 0.009215735551656716 0.020765348105038519 0.0093816291705179061 -0.0069900904073826407 -0.0047923003834971474
leaf_weight=60 26 29 22 46 30 33 46 22
leaf_count=60 26 29 22 46 30 33 46 22
internal_value=0 0.00276353 -0.00376615 0.00816033 0.0138487 0.00402078 -0.0109202 0.00282906
internal_weight=314 288 130 158 76 62 68 82
internal_count=314 288 130 158 76 62 68 82
is_linear=0
shrinkage=0.04


Tree=28
num_leaves=8
num_cat=0
split_feature=48 26 31 50 16 21 42
split_gain=15.4921 6.31066 5.30752 3.27454 2.01811 2.0096 0.679302
threshold=28.500000000000004 0.034021697754092063 6.991477272500001 1596.5000000000002 2.5709215704647681 1.1133696171503356 1.3195519421860886
decision_type=2 2 2 2 2 2 2
left_child=2 -2 3 4 -1 -5 -4
right_child=1 -3 6 5 -6 -7 -8
leaf_value=-0.015333350499941839 -0.036318636678192948 -0.0076850872083256642 0.021756918872643381 0.0022101642582350541 -0.0011173246817072981 0.013315506772090481 0.011137072013109517
leaf_weight=21 22 29 22 92 69 37 22
leaf_count=21 22 29 22 92 69 37 22
internal_value=0 -0.020162 0.00390642 0.00133647 -0.00449213 0.00543425 0.016575
internal_weight=314 51 263 219 90 129 44
internal_count=314 51 263 219 90 129 44
is_linear=0
shrinkage=0.04


Tree=29
num_leaves=7
num_cat=0
split_feature=49 42 6 36 16 2
split_gain=10.9945 5.80175 3.1644 3.33343 1.74086 1.52651
threshold=42.500000000000007 1.499907212668564 24.261955855303498 23.165412193660163 3.5821889212260749 0.58849004021914697
decision_type=2 2 2 2 2 2
left_child=1 2 3 -1 5 -3
right_child=-2 4 -4 -5 -6 -7
leaf_value=0.00062113066439528066 -0.024362160346773191 -0.0042590296021140957 0.016661469499949375 0.014131798517533812 0.0011150131953427515 -0.018658436397869748
leaf_weight=141 27 24 35 37 25 25
leaf_count=141 27 24 35 37 25 25
internal_value=0 0.00229107 0.00565344 0.00345835 -0.0073277 -0.0117102
internal_weight=314 287 213 178 74 49
internal_count=314 287 213 178 74 49
is_linear=0
shrinkage=0.04


Tree=30
num_leaves=9
num_cat=0
split_feature=48 51 50 48 51 42 14 50
split_gain=13.8925 5.34367 4.69254 4.44052 3.38668 1.88027 1.41031 0.703706
threshold=27.500000000000004 1.5268657886084471 1596.5000000000002 29.500000000000004 1.5268657886084471 1.6198910025221902 1.9372830828678087 1080.0000000000002
decision_type=2 2 2 2 2 2 2 2
left_child=2 3 5 -2 6 7 -4 -1
right_child=1 -3 4 -5 -6 -7 -8 -9
leaf_value=-0.0052806225373140435 -0.010368716222403101 0.0023282752805088287 0.01003064237402191 -0.033634610550613696 0.019479290720908787 -0.012756726633909062 0.0010849688666070576 0.0035476505573417685
leaf_weight=21 28 20 56 26 37 22 59 45
leaf_count=21 28 20 56 26 37 22 59 45
internal_value=0 -0.0151474 0.00466546 -0.0216862 0.0089252 -0.00264865 0.00548081 0.000674401
internal_weight=314 74 240 54 152 88 115 66
internal_count=314 74 240 54 152 88 115 66
is_linear=0
shrinkage=0.04


Tree=31
num_leaves=8
num_cat=0
split_feature=48 26 31 50 51 16 42
split_gain=12.8076 5.18414 4.42619 2.84936 1.94941 1.82407 1.23605
threshold=27.500000000000004 1.0000000180025095e-35 6.991477272500001 1596.5000000000002 1.5268657886084471 2.7702834841716677 1.3396111998175186
decision_type=2 2 2 2 2 2 2
left_child=2 -2 3 5 -5 -1 -3
right_child=1 6 -4 4 -6 -7 -8
leaf_value=-0.01285986993013576 -0.026348833209775904 0.0020425896050955223 0.016808243768142005 0.0033369884169415429 0.016001867383599756 0.00013526273825144403 -0.011687453454139674
leaf_weight=24 33 20 39 93 25 59 21
leaf_count=24 33 20 39 93 25 59 21
internal_value=0 -0.0145438 0.00447978 0.00206062 0.00606537 -0.00358518 -0.00490387
internal_weight=314 74 240 201 118 83 41
internal_count=314 74 240 201 118 83 41
is_linear=0
shrinkage=0.04


Tree=32
num_leaves=8
num_cat=0
split_feature=48 42 48 31 33 50 50
split_gain=12.2417 4.77819 3.8741 2.19483 1.89232 1.40361 0.914028
threshold=31.500000000000004 1.305024372620639 25.500000000000004 6.9510281385000008 0.8973684210526317 1848.5000000000002 2161.5000000000005
decision_type=2 2 2 2 2 2 2
left_child=1 3 4 6 -3 -4 -1
right_child=-2 2 5 -5 -6 -7 -8
leaf_value=0.0021114024956051893 -0.028033642560501632 -0.00019189524580871716 -0.01303302572326325 0.01941909003531796 0.010814612010633187 -0.0020520478518149892 0.011559759756185912
leaf_weight=45 23 79 44 26 36 34 27
leaf_count=45 23 79 44 26 36 34 27
internal_value=0 0.00221858 -0.00141638 0.00941215 0.00322527 -0.00830642 0.00572113
internal_weight=314 291 193 98 115 78 72
internal_count=314 291 193 98 115 78 72
is_linear=0
shrinkage=0.04


Tree=33
num_leaves=7
num_cat=0
split_feature=48 51 48 33 50 12
split_gain=11.2861 4.40611 4.23581 2.58659 1.77193 0.566929
threshold=31.500000000000004 1.8272798137632704 25.500000000000004 0.80322580645161301 1848.5000000000002 0.95357222207063785
decision_type=2 2 2 2 2 2
left_child=1 2 3 -1 -4 -3
right_child=-2 5 4 -5 -6 -7
leaf_value=-0.00060553339904130022 -0.026917152096440779 0.018955675067000129 -0.01169898050422678 0.009874894794730334 -0.00078692742851399673 0.0092347670525807068
leaf_weight=80 23 20 50 70 47 24
leaf_count=80 23 20 50 70 47 24
internal_value=0 0.00213023 3.45759e-05 0.004262 -0.00645915 0.013777
internal_weight=314 291 247 150 97 44
internal_count=314 291 247 150 97 44
is_linear=0
shrinkage=0.04


Tree=34
num_leaves=9
num_cat=0
split_feature=48 26 42 48 50 40 34 47
split_gain=10.4237 5.11168 3.51175 2.37028 1.7817 1.43896 1.34447 1.18074
threshold=28.500000000000004 0.042867468501921954 1.3005267328977104 23.500000000000004 1413.0000000000002 2.0930804661874522 16.515523747822606 0.56578947368421073
decision_type=2 2 2 2 2 2 2 2
left_child=2 -2 5 6 -5 7 -4 -1
right_child=1 -3 3 4 -6 -7 -8 -9
leaf_value=0.0059830822553691831 -0.029439743916351954 -0.0039126454691591726 -0.0018221975169122502 -0.011460820995851469 -0.00029043721972117327 0.00045161412613934249 0.010464969754690381 0.017178672649861903
leaf_weight=27 25 26 21 32 82 21 41 39
leaf_count=27 25 26 21 32 82 21 41 39
internal_value=0 -0.0165373 0.00320517 -2.31423e-05 -0.00346834 0.00977447 0.00624254 0.0126752
internal_weight=314 51 263 176 114 87 62 66
internal_count=314 51 263 176 114 87 62 66
is_linear=0
shrinkage=0.04


Tree=35
num_leaves=6
num_cat=0
split_feature=49 51 51 33 13
split_gain=7.22681 4.18005 2.89025 2.0601 0.529295
threshold=42.500000000000007 0.80801608368726308 1.8272798137632704 0.80322580645161301 0.87125613824642956
decision_type=2 2 2 2 2
left_child=1 -1 3 -3 -4
right_child=-2 2 4 -5 -6
leaf_value=-0.011047699509501628 -0.01975132446007535 -0.0024154363038552391 0.017618461218894339 0.005514526740604318 0.0081469584796665974
leaf_weight=35 27 100 22 109 21
leaf_count=35 27 100 22 109 21
internal_value=0 0.0018577 0.00366965 0.00170182 0.0131153
internal_weight=314 287 252 209 43
internal_count=314 287 252 209 43
is_linear=0
shrinkage=0.04


Tree=36
num_leaves=10
num_cat=0
split_feature=48 51 50 48 37 51 48 7 36
split_gain=9.38198 4.39374 3.27175 3.19443 3.12003 1.34925 0.942536 0.918742 0.838148
threshold=27.500000000000004 1.5268657886084471 1596.5000000000002 29.500000000000004 16.574270304973876 1.0629335849579438 24.500000000000004 39.898793031636522 23.827988061888
decision_type=2 2 2 2 2 2 2 2 2
left_child=2 3 5 -2 7 -1 -7 -4 -6
right_child=1 -3 4 -5 8 6 -8 -9 -10
leaf_value=-0.011379331737867933 -0.0087522359467625249 0.0033879908341080392 -0.00033504692714130918 -0.028526843330069971 0.010580324427543046 0.0040090706761550425 -0.0057312251645255377 0.0089748936323892498 0.020623106024100033
leaf_weight=20 28 20 61 26 47 43 25 23 21
leaf_count=20 28 20 61 26 47 43 25 23 21
internal_value=0 -0.0124479 0.00383399 -0.0183824 0.00739204 -0.00226773 0.000366185 0.00217418 0.0137662
internal_weight=314 74 240 54 152 88 68 84 68
internal_count=314 74 240 54 152 88 68 84 68
is_linear=0
shrinkage=0.04


Tree=37
num_leaves=8
num_cat=0
split_feature=49 42 50 31 17 40 44
split_gain=6.20077 3.72308 2.08723 1.99811 1.73312 0.793572 0.782477
threshold=42.500000000000007 1.4026790700755385 2812.5000000000005 6.8625313285000002 1.0059649649058708 2.0751579902490147 0.37894743560286953
decision_type=2 2 2 2 2 2 2
left_child=1 3 4 5 -3 -1 -5
right_child=-2 2 -4 6 -6 -7 -8
leaf_value=0.0039838737328954411 -0.018295646089909263 -0.0094746552682830453 0.0073823062426321738 0.007843575645631427 0.00092821048391504471 -0.0048580507812726551 0.01716581485693541
leaf_weight=59 27 68 24 52 40 22 22
leaf_count=59 27 68 24 52 40 22 22
internal_value=0 0.00172069 -0.00319522 0.00593229 -0.00558744 0.00153001 0.0106885
internal_weight=314 287 132 155 108 81 74
internal_count=314 287 132 155 108 81 74
is_linear=0
shrinkage=0.04


Tree=38
num_leaves=10
num_cat=0
split_feature=48 34 42 48 51 20 34 40 33
split_gain=8.31359 4.1551 2.8189 1.81248 1.65212 1.22366 1.15369 0.967795 0.702193
threshold=27.500000000000004 16.639208568649867 1.3005267328977104 23.500000000000004 1.4535081894886552 0.53951961247014357 16.515523747822606 2.0751579902490147 0.69463869463869476
decision_type=2 2 2 2 2 2 2 2 2
left_child=2 -2 7 6 -3 -5 -4 8 -1
right_child=1 4 3 5 -6 -7 -8 -9 -10
leaf_value=0.0059192925980731618 -0.027300719549110279 -0.011211471258849725 -0.0015330031877869113 -0.011088007445114231 0.0031270738164732108 -0.00034946131219195953 0.009835179169682691 0.0019401524894273104 0.015574013593861513
leaf_weight=20 20 34 21 22 20 77 41 20 39
leaf_count=20 20 34 21 22 20 77 41 20 39
internal_value=0 -0.0117166 0.0036102 0.000545568 -0.005831 -0.00278495 0.00592399 0.0097967 0.0123845
internal_weight=314 74 240 161 54 99 62 79 59
internal_count=314 74 240 161 54 99 62 79 59
is_linear=0
shrinkage=0.04


Tree=39
num_leaves=6
num_cat=0
split_feature=48 6 48 23 23
split_gain=7.80448 3.10693 3.12286 2.00796 1.65749
threshold=30.500000000000004 24.980653588783294 25.500000000000004 0.25323641718449202 0.18207888874355213
decision_type=2 2 2 2 2
left_child=1 2 3 -1 -4
right_child=-2 -3 4 -5 -6
leaf_value=0.0020214979564400211 -0.020949436617993759 0.01323324600709848 -0.00867811223646563 0.01510723565228924 0.0023851599647301183
leaf_weight=133 26 34 68 22 31
leaf_count=133 26 34 68 22 31
internal_value=0 0.00189304 0.000354704 0.00391316 -0.00517458
internal_weight=314 288 254 155 99
internal_count=314 288 254 155 99
is_linear=0
shrinkage=0.04


Tree=40
num_leaves=6
num_cat=0
split_feature=48 42 37 33 48
split_gain=7.22798 3.41205 2.24377 1.57115 1.16012
threshold=31.500000000000004 1.8048419236709041 16.740687565419901 0.74537037037037046 27.500000000000004
decision_type=2 2 2 2 2
left_child=1 2 4 -4 -1
right_child=-2 -3 3 -5 -6
leaf_value=0.0011749591608330267 -0.021539966126024979 -0.014163015252025566 0.0019090021746452838 0.011196968721686511 -0.0083902124541181747
leaf_weight=127 23 20 55 65 24
leaf_count=127 23 20 55 65 24
internal_value=0 0.00170582 0.0028965 0.00697842 -0.000323407
internal_weight=314 291 271 120 151
internal_count=314 291 271 120 151
is_linear=0
shrinkage=0.04


Tree=41
num_leaves=7
num_cat=0
split_feature=51 49 42 23 6 51
split_gain=4.74316 6.70996 2.28694 1.45319 1.34897 0.36385
threshold=1.5268657886084471 42.500000000000007 1.8048419236709041 0.10684773575163857 20.047357926221341 1.8272798137632704
decision_type=2 2 2 2 2 2
left_child=1 2 4 5 -1 -2
right_child=3 -3 -4 -5 -6 -7
leaf_value=-0.0010968044477222664 -0.0001648070867085338 -0.024922078183634361 -0.013599313220277947 0.014821938693610804 0.0071143436810916791 0.0070173331985483953
leaf_weight=157 20 20 20 34 40 23
leaf_count=157 20 20 20 34 40 23
internal_value=0 -0.002806 -0.000738687 0.00861499 0.000552903 0.00359136
internal_weight=314 237 217 77 197 43
internal_count=314 237 217 77 197 43
is_linear=0
shrinkage=0.04


Tree=42
num_leaves=11
num_cat=0
split_feature=26 0 51 51 16 14 50 25 24 30
split_gain=4.51344 2.38747 2.13795 1.76371 1.35183 1.15873 1.19239 1.13172 0.930096 0.928036
threshold=1.0000000180025095e-35 0.027052998905660656 1.5268657886084471 1.2951956677234302 3.5821889212260749 1.9372830828678087 2838.5000000000005 0.049369186550349456 0.14461769649648717 50.373134330000006
decision_type=2 10 2 2 2 2 2 2 2 2
left_child=1 -1 5 4 -3 7 -7 -2 -4 -5
right_child=2 3 8 9 -6 6 -8 -9 -10 -11
leaf_value=-0.016612105495426285 0 -0.01411537644546159 0.017823100048511183 -0.0023517837832250708 -0.00039274477840062986 -0.0065293707228616937 0.0052958600808731948 0.010893116197180759 0.0066225812905345155 0.0074658132044680093
leaf_weight=25 32 29 20 39 20 41 20 29 34 25
leaf_count=25 32 29 20 39 20 41 20 29 34 25
internal_value=0 -0.00541766 0.00424152 -0.00289314 -0.00860798 0.00126828 -0.00258446 0.00518441 0.0108701 0.00142648
internal_weight=314 138 176 113 49 122 61 61 54 64
internal_count=314 138 176 113 49 122 61 61 54 64
is_linear=0
shrinkage=0.04


Tree=43
num_leaves=8
num_cat=0
split_feature=48 26 31 50 40 16 40
split_gain=6.42698 3.92841 2.4508 1.44735 1.33983 1.286 0.413449
threshold=28.500000000000004 0.034021697754092063 6.991477272500001 1596.5000000000002 2.4297470895222806 2.7702834841716677 1.6426882777786711
decision_type=2 2 2 2 2 2 2
left_child=2 -2 3 5 -5 -1 -4
right_child=1 -3 6 4 -6 -7 -8
leaf_value=-0.010586054365639487 -0.025716344940716326 -0.0031337430791551712 0.014980918100643984 0.0053617138948107192 -0.005387795982182835 0 0.0066664346243956642
leaf_weight=26 22 29 23 107 22 64 21
leaf_count=26 22 29 23 107 22 64 21
internal_value=0 -0.0129848 0.00251748 0.000765079 0.00349473 -0.00310256 0.0111275
internal_weight=314 51 263 219 129 90 44
internal_count=314 51 263 219 129 90 44
is_linear=0
shrinkage=0.04


Tree=44
num_leaves=5
num_cat=0
split_feature=49 51 51 6
split_gain=4.00653 2.65946 1.76934 1.52933
threshold=42.500000000000007 0.80801608368726308 1.962859278228916 24.980653588783294
decision_type=2 2 2 2
left_child=1 -1 3 -3
right_child=-2 2 -4 -5
leaf_value=-0.0089059708745847649 -0.014706610794216944 0.00053587931145719929 0.012128859119060934 0.01213305410739053
leaf_weight=35 27 203 29 20
leaf_count=35 27 203 29 20
internal_value=0 0.00138301 0.00283087 0.00159889
internal_weight=314 287 252 223
internal_count=314 287 252 223
is_linear=0
shrinkage=0.04


Tree=45
num_leaves=10
num_cat=0
split_feature=48 34 50 37 51 42 34 27 50
split_gain=5.82728 3.33735 2.24944 1.89645 1.17537 1.02672 0.753891 0.753136 0.59881
threshold=27.500000000000004 16.639208568649867 1596.5000000000002 16.574270304973876 1.4535081894886552 1.6198910025221902 24.003109751341235 82.835499000000013 1080.0000000000002
decision_type=2 2 2 2 2 2 2 2 2
left_child=2 -2 5 7 -3 8 -5 -4 -1
right_child=1 4 3 6 -6 -7 -8 -9 -10
leaf_value=-0.0050837670379622847 -0.023773894206208377 -0.0090756807638512505 -0.0020050983184813857 0.0079444738872934545 0.0030069117514944783 -0.0095023471948045956 0.017409326442610031 0.0055223867494418643 0.0030653855157086831
leaf_weight=21 20 34 40 47 20 22 21 44 45
leaf_count=21 20 34 40 47 20 22 21 44 45
internal_value=0 -0.00980968 0.00302222 0.00597406 -0.00452942 -0.00203201 0.0109475 0.00189219 0.000408191
internal_weight=314 74 240 152 54 88 68 84 66
internal_count=314 74 240 152 54 88 68 84 66
is_linear=0
shrinkage=0.04


Tree=46
num_leaves=10
num_cat=0
split_feature=48 34 47 37 42 51 16 27 16
split_gain=5.37208 3.07627 2.07742 1.39432 1.15245 1.04433 1.52551 0.87194 0.663233
threshold=27.500000000000004 16.639208568649867 0.46052631578947373 16.574270304973876 1.4280236873074044 1.3701915226950534 3.3278495781905506 82.961129045000021 3.6302755504254818
decision_type=2 2 2 2 2 2 2 2 2
left_child=2 -2 5 7 -3 6 -1 -4 -5
right_child=1 4 3 8 -6 -7 -8 -9 -10
leaf_value=-0.012975439185979949 -0.022827669329644733 0.00020339725586568817 -0.0017347388470328618 0.014889948066867543 -0.011651035282778515 0.0031521872866828483 0.00062297359055895815 0.0063542222324095123 0.0064973526871036696
leaf_weight=24 20 33 42 28 21 37 28 42 39
leaf_count=24 20 33 42 28 21 37 28 42 39
internal_value=0 -0.0094189 0.00290162 0.00576396 -0.00434574 -0.00191085 -0.0055893 0.00226493 0.0100813
internal_weight=314 74 240 151 54 89 52 84 67
internal_count=314 74 240 151 54 89 52 84 67
is_linear=0
shrinkage=0.04


Tree=47
num_leaves=6
num_cat=0
split_feature=48 42 44 6 34
split_gain=5.11374 2.31652 1.68455 1.20779 0.746952
threshold=31.500000000000004 1.8048419236709041 0.37894743560286953 24.980653588783294 18.515419219030488
decision_type=2 2 2 2 2
left_child=1 2 3 -1 -4
right_child=-2 -3 4 -5 -6
leaf_value=0 -0.018118179569512734 -0.01163461784670009 0.0031580614131778029 0.010059837858320623 0.013680149004648602
leaf_weight=203 23 20 20 21 27
leaf_count=203 23 20 20 21 27
internal_value=0 0.00143445 0.00241765 0.000951426 0.0093038
internal_weight=314 291 271 224 47
internal_count=314 291 271 224 47
is_linear=0
shrinkage=0.04


Tree=48
num_leaves=11
num_cat=0
split_feature=26 0 51 51 16 33 14 24 30 34
split_gain=3.3815 1.87099 1.57943 1.37292 1.05837 0.963226 1.1485 0.748823 0.722399 0.714751
threshold=1.0000000180025095e-35 0.027052998905660656 1.5268657886084471 1.2951956677234302 3.5821889212260749 0.8729838709677421 1.566224078648274 0.14461769649648717 50.373134330000006 19.011683805438143
decision_type=2 10 2 2 2 2 2 2 2 2
left_child=1 -1 5 4 -3 9 -7 -4 -5 -2
right_child=2 3 7 8 -6 6 -8 -9 -10 -11
leaf_value=-0.014600524896407032 0.0030926212842324612 -0.012365548890788121 0.015613536658275187 -0.001966867225859171 -0.00020342108473848938 0.011631005795358062 0.00041925920593837665 0.0055472274153572556 0.0066874577149570701 -0.0060903612798766087
leaf_weight=25 21 29 20 39 20 23 42 34 25 36
leaf_count=25 21 29 20 39 20 23 42 34 25 36
internal_value=0 -0.00468826 0.00367241 -0.00244894 -0.00749341 0.00111154 0.00445971 0.0093714 0.00135648 -0.00263761
internal_weight=314 138 176 113 49 122 65 54 64 57
internal_count=314 138 176 113 49 122 65 54 64 57
is_linear=0
shrinkage=0.04


Tree=49
num_leaves=8
num_cat=0
split_feature=48 34 31 50 12 30 24
split_gain=4.75421 2.92521 1.72254 1.16233 1.15918 1.09043 0.336206
threshold=28.500000000000004 21.241692174124331 6.991477272500001 1207.5000000000002 1.3898336361571657 43.875000000000007 0.24613888785011778
decision_type=2 2 2 2 2 2 2
left_child=2 -2 3 5 -5 -1 -4
right_child=1 -3 6 4 -6 -7 -8
leaf_value=-0.011663110595885047 -0.01884549435695268 0.00057193078211883997 0.013197810604673992 0.0036685370616383758 -0.004917417351663904 0.00077615604385153044 0.0056918131124663665
leaf_weight=21 31 20 21 145 30 23 23
leaf_count=21 31 20 21 145 30 23 23
internal_value=0 -0.0111663 0.00216679 0.000694332 0.00217185 -0.00508305 0.00938673
internal_weight=314 51 263 219 175 44 44
internal_count=314 51 263 219 175 44 44
is_linear=0
shrinkage=0.04


Tree=50
num_leaves=9
num_cat=0
split_feature=48 48 42 37 32 12 47 11
split_gain=4.45137 2.03894 1.46191 1.39921 0.722662 0.65159 0.556629 0.508701
threshold=31.500000000000004 25.500000000000004 1.3817902385762 18.01487793157342 0.0066935496472140506 1.0703677510608205 0.46052631578947373 0.36478695095108254
decision_type=2 2 2 2 8 2 2 2
left_child=1 3 7 6 -4 -5 -1 -3
right_child=-2 2 4 5 -6 -7 -8 -9
leaf_value=-0.001807907960961478 -0.016901960284549954 -0.0020265940356985362 -0.0035938112523473437 0.013229608681424254 -0.012877901133773554 0.0042293718665007097 0.0037652771212109632 0.0055921647961401852
leaf_weight=46 23 26 39 31 22 25 73 29
leaf_count=46 23 26 39 31 22 25 73 29
internal_value=0 0.00134048 -0.00275006 0.00407479 -0.00702323 0.00929765 0.00157764 0.00192083
internal_weight=314 291 116 175 61 56 119 55
internal_count=314 291 116 175 61 56 119 55
is_linear=0
shrinkage=0.04


Tree=51
num_leaves=6
num_cat=0
split_feature=48 42 44 6 34
split_gain=4.10354 1.90339 1.37726 0.99113 0.581665
threshold=31.500000000000004 1.8048419236709041 0.37894743560286953 24.980653588783294 18.515419219030488
decision_type=2 2 2 2 2
left_child=1 2 3 -1 -4
right_child=-2 -3 4 -5 -6
leaf_value=0 -0.016228808681702331 -0.010557124451618289 0.0029469807379281336 0.0091022543090073411 0.012276506175964081
leaf_weight=203 23 20 20 21 27
leaf_count=203 23 20 20 21 27
internal_value=0 0.0012864 0.00217879 0.000851145 0.00840611
internal_weight=314 291 271 224 47
internal_count=314 291 271 224 47
is_linear=0
shrinkage=0.04


Tree=52
num_leaves=10
num_cat=0
split_feature=48 51 36 50 37 10 7 10 48
split_gain=3.92035 2.62247 1.82793 1.58317 1.25317 0.784467 0.63992 0.583475 0.545716
threshold=27.500000000000004 1.5268657886084471 12.103976322223653 1596.5000000000002 16.574270304973876 3.0003024783055841 39.898793031636522 4.2559511573407898 24.500000000000004
decision_type=2 2 2 2 2 2 2 2 2
left_child=3 2 -2 5 6 -1 -5 -6 -7
right_child=1 -3 -4 4 7 8 -8 -9 -10
leaf_value=-0.0087022973597049719 -0.01852228449910789 0.0041647209597760757 -0.003159442224597196 -0.00045575760341510059 0.01278772322619416 0.0032010946487169485 0.0073101077609376997 0.0050783570753164652 -0.0041017811506216815
leaf_weight=20 33 20 21 61 34 41 23 34 27
leaf_count=20 33 20 21 61 34 41 23 34 27
internal_value=0 -0.00804374 -0.0126387 0.00248122 0.00495891 -0.0017538 0.00162921 0.00900489 0.000240921
internal_weight=314 74 54 240 152 88 84 68 68
internal_count=314 74 54 240 152 88 84 68 68
is_linear=0
shrinkage=0.04


Tree=53
num_leaves=8
num_cat=0
split_feature=48 34 31 48 20 18 24
split_gain=3.64438 2.66386 1.38804 0.933202 1.04095 0.366673 0.281177
threshold=28.500000000000004 21.241692174124331 6.991477272500001 23.500000000000004 0.53951961247014357 9.7557392097057498 0.24613888785011778
decision_type=2 2 2 2 2 2 2
left_child=2 -2 3 5 -5 -1 -4
right_child=1 -3 6 4 -6 -7 -8
leaf_value=0.0084801452674342498 -0.017110534379875642 0.0014221165192067919 0.011870022142102934 -0.0081192912567163676 0.00035914573060529659 0.0022558363036552314 0.004980597712938145
leaf_weight=22 31 20 21 29 110 58 23
leaf_count=22 31 20 21 29 110 58 23
internal_value=0 -0.00977599 0.00189759 0.00057392 -0.00138555 0.00402591 0.0083789
internal_weight=314 51 263 219 139 80 44
internal_count=314 51 263 219 139 80 44
is_linear=0
shrinkage=0.04


Tree=54
num_leaves=6
num_cat=0
split_feature=48 42 44 6 33
split_gain=3.4409 1.62934 1.20407 0.848084 0.520017
threshold=31.500000000000004 1.8048419236709041 0.37894743560286953 24.980653588783294 0.74537037037037046
decision_type=2 2 2 2 2
left_child=1 2 3 -1 -4
right_child=-2 -3 4 -5 -6
leaf_value=-9.2960942439379088e-06 -0.014858444840748074 -0.009775032745037153 0.0028710753106957927 0.0083972714693060432 0.011655351586811158
leaf_weight=203 23 20 21 21 26
leaf_count=203 23 20 21 21 26
internal_value=0 0.00118035 0.00200693 0.000764366 0.00782982
internal_weight=314 291 271 224 47
internal_count=314 291 271 224 47
is_linear=0
shrinkage=0.04


Tree=55
num_leaves=10
num_cat=0
split_feature=26 5 45 51 33 13 30 8 12
split_gain=2.57724 1.45821 1.34197 1.232 1.09391 0.947736 0.900682 0.831709 0.568528
threshold=1.0000000180025095e-35 10.252145308924488 0.018544408557988955 1.2951956677234302 0.78869047619047628 0.33051533183864068 41.042780750000013 0.91784732012850456 1.0534021730754415
decision_type=2 2 2 2 2 2 2 2 2
left_child=2 5 -1 7 -3 -2 -7 -4 -5
right_child=1 4 3 8 -6 6 -8 -9 -10
leaf_value=-0.013417322237344716 0.0079079926984881917 0.0013945279583201344 -0.012900429279016695 0.0043422737767171982 0.012364993061176123 -0.0072916842057134338 0.0012863238984733678 -0.0024531579970620398 -0.0032388995367305714
leaf_weight=21 22 25 22 39 38 28 63 30 26
leaf_count=21 22 25 22 39 38 28 63 30 26
internal_value=0 0.00320923 -0.00408977 -0.00237141 0.00808413 0.000451259 -0.00131426 -0.00696621 0.00124804
internal_weight=314 176 138 117 63 113 91 52 65
internal_count=314 176 138 117 63 113 91 52 65
is_linear=0
shrinkage=0.04


Tree=56
num_leaves=8
num_cat=0
split_feature=51 49 47 51 50 27 40
split_gain=2.44579 3.71775 1.02896 1.18951 0.939944 0.681037 0.20959
threshold=1.5268657886084471 42.500000000000007 0.5921052631578948 0.80801608368726308 2139.0000000000005 83.398737915000012 1.8362180719691417
decision_type=2 2 2 2 2 2 2
left_child=1 2 3 -1 6 -4 -2
right_child=4 -3 5 -5 -6 -7 -8
leaf_value=-0.010964247337948237 0.0049208199621671696 -0.018474439549357142 -0.0004312007742749693 -0.00092831122907774898 0.011597544833586531 0.0061379428177312043 -0.00033038185035447936
leaf_weight=24 25 20 55 93 31 45 21
leaf_count=24 25 20 55 93 31 45 21
internal_value=0 -0.00201155 -0.000467997 -0.00302873 0.00618969 0.00248813 0.00244125
internal_weight=314 237 217 117 77 100 46
internal_count=314 237 217 117 77 100 46
is_linear=0
shrinkage=0.04


Tree=57
num_leaves=11
num_cat=0
split_feature=26 17 32 14 27 33 6 7 32 51
split_gain=2.28627 1.25423 2.18606 1.09108 1.50681 0.988436 0.618575 0.590741 0.345909 0.279019
threshold=1.0000000180025095e-35 0.79622598027439329 -0.0060115666811516493 1.9372830828678087 86.730481730000022 0.86811594202898557 13.566552849580573 38.044636116563503 -0.034791504765395838 1.4063234794526402
decision_type=2 2 8 2 2 2 2 2 10 2
left_child=1 2 7 5 6 9 -5 -1 -3 -2
right_child=3 8 -4 4 -6 -7 -8 -9 -10 -11
leaf_value=-0.0061789924225244142 0 -0.0023368577079181854 -0.016739545051165469 -0.0093617598565792614 0.0069553475839045651 0.010898906861043648 -0.0005693684758061369 0.0026633214463272366 0.0035721805597592501 0.0060409511978835309
leaf_weight=27 32 36 26 22 30 39 33 21 28 20
leaf_count=27 32 36 26 22 30 39 33 21 28 20
internal_value=0 -0.00385329 -0.00739753 0.00302135 -0.000192539 0.00606417 -0.00416953 -0.00222983 0.000187484 0.00234738
internal_weight=314 138 74 176 85 91 55 48 64 52
internal_count=314 138 74 176 85 91 55 48 64 52
is_linear=0
shrinkage=0.04


Tree=58
num_leaves=8
num_cat=0
split_feature=48 34 47 14 27 33 42
split_gain=3.03866 2.26627 1.25366 1.09078 1.23999 0.839831 0.80046
threshold=27.500000000000004 16.639208568649867 0.32894736842105265 1.9372830828678087 86.730481730000022 0.74537037037037046 1.4280236873074044
decision_type=2 2 2 2 2 2 2
left_child=2 -2 -1 5 -5 -4 -3
right_child=1 6 3 4 -6 -7 -8
leaf_value=-0.0048732261401205129 -0.018582926099536136 0.0010592966501986511 0.0024160131251514528 -0.0031875069378745637 0.0060013343001107181 0.0096379810505413093 -0.0088270468268349285
leaf_weight=34 20 33 52 61 38 55 21
leaf_count=34 20 33 52 61 38 55 21
internal_value=0 -0.00708104 0.00218511 0.00337128 0.000301657 0.00617112 -0.00272066
internal_weight=314 74 240 206 99 107 54
internal_count=314 74 240 206 99 107 54
is_linear=0
shrinkage=0.04


Tree=59
num_leaves=12
num_cat=0
split_feature=48 26 32 33 5 31 48 32 24 11 42
split_gain=2.8451 2.45843 1.83838 1.01707 0.975877 0.783004 0.620997 0.597018 0.499902 0.364616 0.305404
threshold=25.500000000000004 0.042867468501921954 -0.0060115666811516493 0.83045977011494265 10.865277482191818 6.8344805195000005 23.500000000000004 -0.039790157279127845 0.24613888785011778 0.2904808533688904 1.3907433142206858
decision_type=2 2 8 2 2 2 2 10 2 2 2
left_child=3 2 7 6 10 -5 9 -2 -7 -1 -3
right_child=1 4 -4 5 -6 8 -8 -9 -10 -11 -12
leaf_value=-0.00039426171916654741 -0.0091444057833526948 0.00066288813233815447 -0.018095735434257208 0.00163412539639719 0.0081385620408007328 0.015191340886834841 -0.0032934390385999193 0.00020282268497686816 0.0061640259073235679 0.0055517590361788983 -0.0054896990548480643
leaf_weight=26 21 27 26 28 21 20 37 21 24 40 23
leaf_count=26 21 27 26 28 21 20 37 21 24 40 23
internal_value=0 -0.00427096 -0.00970582 0.00339216 0.00088433 0.00704324 0.000796787 -0.0043864 0.0103832 0.00315182 -0.00209277
internal_weight=314 139 68 175 71 72 103 42 44 66 50
internal_count=314 139 68 175 71 72 103 42 44 66 50
is_linear=0
shrinkage=0.04


Tree=60
num_leaves=8
num_cat=0
split_feature=48 26 44 47 48 34 14
split_gain=2.69247 2.30672 1.00046 0.81988 0.864792 0.50558 0.45992
threshold=28.500000000000004 0.034021697754092063 0.37894743560286953 0.80263157894736847 23.500000000000004 18.678393386760906 1.3849378908889316
decision_type=2 2 2 2 2 2 2
left_child=2 -2 3 4 -1 -4 -5
right_child=1 -3 5 6 -6 -7 -8
leaf_value=0.0026347305472248623 -0.018146302218283464 -0.00083420694309616419 0.002288899514360807 0.009530341079579065 -0.0033353308360950774 0.011292694898652825 0.0018941425235794328
leaf_weight=64 22 29 20 20 97 23 39
leaf_count=64 22 29 20 20 97 23 39
internal_value=0 -0.00840134 0.00163251 0.000520883 -0.000937147 0.00721272 0.00456211
internal_weight=314 51 263 220 161 43 59
internal_count=314 51 263 220 161 43 59
is_linear=0
shrinkage=0.04


Tree=61
num_leaves=8
num_cat=0
split_feature=51 49 47 16 50 27 20
split_gain=1.96999 3.00321 0.787986 1.06799 0.77406 0.583171 0.238117
threshold=1.5268657886084471 42.500000000000007 0.48684210526315791 3.3278495781905506 2139.0000000000005 85.345365995000023 1.2601545022892782
decision_type=2 2 2 2 2 2 2
left_child=1 2 3 -1 6 -4 -2
right_child=4 -3 5 -5 -6 -7 -8
leaf_value=-0.0079822654834552503 0.0046901022089052931 -0.016601404461694592 -0.00026142325907418435 0.0011862483261100545 0.010465665501317794 0.005397585049416607 -0.00097151029020992681
leaf_weight=42 26 20 96 38 31 41 20
leaf_count=42 26 20 96 38 31 41 20
internal_value=0 -0.00180442 -0.000415197 -0.00358124 0.00555599 0.00140567 0.002145
internal_weight=314 237 217 80 77 137 46
internal_count=314 237 217 80 77 137 46
is_linear=0
shrinkage=0.04


Tree=62
num_leaves=11
num_cat=0
split_feature=48 26 32 5 0 6 48 32 50 32
split_gain=2.41065 2.12309 1.62367 0.864688 0.75783 0.595482 0.700479 0.539462 0.357461 0.26325
threshold=25.500000000000004 0.042867468501921954 -0.0060115666811516493 10.865277482191818 0.30663773378381154 16.842889269359862 21.500000000000004 -0.039790157279127845 2368.0000000000005 -0.0017818498139653496
decision_type=2 2 8 2 10 2 2 10 2 8
left_child=4 2 7 9 5 6 -1 -2 -7 -3
right_child=1 3 -4 -5 -6 8 -8 -9 -10 -11
leaf_value=0.0057957309683388716 -0.0085026134910741701 0.0010630147968664831 -0.01686648128504269 0.0076881418891374675 0.010485115287019247 0.0026254435047743602 -0.0025640750019177922 0.00038109381736137004 0.0086726523365869956 -0.0046412230934604068
leaf_weight=22 21 23 26 21 20 50 58 21 25 27
leaf_count=22 21 23 26 21 20 50 58 21 25 27
internal_value=0 -0.00392941 -0.00898061 0.000857923 0.0031244 0.00214269 -0.000210825 -0.00397539 0.00470331 -0.00194055
internal_weight=314 139 68 71 175 155 80 42 75 50
internal_count=314 139 68 71 175 155 80 42 75 50
is_linear=0
shrinkage=0.04


Tree=63
num_leaves=6
num_cat=0
split_feature=48 34 50 44 48
split_gain=2.2707 2.07021 0.887549 0.896019 0.666745
threshold=28.500000000000004 20.68573144140473 1080.0000000000002 0.37894743560286953 23.500000000000004
decision_type=2 2 2 2 2
left_child=2 -2 -1 4 -4
right_child=1 -3 3 -5 -6
leaf_value=-0.0053110965745475462 -0.015596611777613104 0.00035650143822825762 0.0044634649601394396 0.0080267586131301527 -0.00041074622946986642
leaf_weight=27 26 25 67 37 132
leaf_count=27 26 25 67 37 132
internal_value=0 -0.00771279 0.00150171 0.00230001 0.00121165
internal_weight=314 51 263 236 199
internal_count=314 51 263 236 199
is_linear=0
shrinkage=0.04


Tree=64
num_leaves=8
num_cat=0
split_feature=48 48 42 47 23 32 26
split_gain=2.13626 1.06595 0.749499 0.690492 0.784407 0.617268 0.400259
threshold=31.500000000000004 25.500000000000004 1.3817902385762 0.32894736842105265 0.24931513156380208 0.0066935496472140506 0.035785310900599311
decision_type=2 2 2 2 2 8 2
left_child=1 3 6 -1 -5 -4 -3
right_child=-2 2 5 4 -6 -7 -8
leaf_value=-0.0032904175826622734 -0.011705567345216676 -0.0030861727997141685 -0.0019245529482784249 0.0026889514722619684 0.010950330522804778 -0.010467842244184936 0.0039338381569354961
leaf_weight=24 23 20 39 129 22 22 35
leaf_count=24 23 20 39 129 22 22 35
internal_value=0 0.000931993 -0.00202019 0.00291175 0.00392552 -0.0050833 0.00130754
internal_weight=314 291 116 175 151 61 55
internal_count=314 291 116 175 151 61 55
is_linear=0
shrinkage=0.04


Tree=65
num_leaves=8
num_cat=0
split_feature=48 48 7 36 33 40 48
split_gain=1.96908 0.983384 0.840484 1.1126 0.822587 0.653944 0.469545
threshold=31.500000000000004 25.500000000000004 44.399074830201563 10.496137803478856 0.83045977011494265 1.8872602272021852 23.500000000000004
decision_type=2 2 2 2 2 2 2
left_child=1 4 3 -3 6 -6 -1
right_child=-2 2 -4 -5 5 -7 -8
leaf_value=0.0025136302784507965 -0.011239371412631236 -0.008917372455268734 0.0040153819253648301 5.0283244331111244e-05 0.009036739193349087 0.00098181497437511739 -0.0030948974168043572
leaf_weight=66 23 39 28 49 45 27 37
leaf_count=66 23 39 28 49 45 27 37
internal_value=0 0.000893598 -0.00194116 -0.00388423 0.00279551 0.00607717 0.000459071
internal_weight=314 291 116 88 175 72 103
internal_count=314 291 116 88 175 72 103
is_linear=0
shrinkage=0.04


Tree=66
num_leaves=9
num_cat=0
split_feature=48 34 50 23 7 10 51 13
split_gain=1.83048 1.73699 0.864314 0.796677 1.02015 0.566113 0.527615 0.46269
threshold=27.500000000000004 16.639208568649867 1596.5000000000002 0.30634589602264267 39.796808732563079 3.0003024783055841 1.4535081894886552 1.0758052276292143
decision_type=2 2 2 2 2 2 2 2
left_child=2 -2 5 4 -4 -1 -3 -7
right_child=1 6 3 -5 -6 7 -8 -9
leaf_value=-0.0073282740928640412 -0.015556503586952959 -0.004746996790083273 -0.00026724174059484509 0.010799470772675427 0.0070444015150142323 0.0025233416520296387 0.0033585108512669648 -0.0045930632744955501
leaf_weight=20 20 34 84 21 47 47 20 21
leaf_count=20 20 34 84 21 47 47 20 21
internal_value=0 -0.00549328 0.00169855 0.00353179 0.00232888 -0.00142296 -0.00167036 0.000263374
internal_weight=314 74 240 152 131 88 54 68
internal_count=314 74 240 152 131 88 54 68
is_linear=0
shrinkage=0.04


Tree=67
num_leaves=8
num_cat=0
split_feature=0 51 30 36 16 36 45
split_gain=1.68452 1.33112 0.941669 1.44732 0.679395 0.651955 0.642311
threshold=0.016335681262012802 1.5268657886084471 40.129870130000008 9.997334199856363 4.0859230870580179 4.7886154181986873 0.089810319695512508
decision_type=10 2 2 2 2 2 2
left_child=-1 2 3 -2 6 -4 -3
right_child=1 4 5 -5 -6 -7 -8
leaf_value=-0.011201535309132059 -0.012489409336981583 0.0031542974918903339 0.0077911065726434404 -0.00054112736146446619 0 0 0.012716333540787259
leaf_weight=20 24 23 20 52 25 125 25
leaf_count=20 24 23 20 52 25 125 25
internal_value=0 0.00076741 -0.000764102 -0.00437829 0.00545333 0.00110437 0.00823377
internal_weight=314 294 221 76 73 145 48
internal_count=314 294 221 76 73 145 48
is_linear=0
shrinkage=0.04


Tree=68
num_leaves=6
num_cat=0
split_feature=48 42 44 7 33
split_gain=1.72097 0.979086 0.66807 0.598209 0.339199
threshold=30.500000000000004 1.8048419236709041 0.37894743560286953 41.958564976003352 0.74537037037037046
decision_type=2 2 2 2 2
left_child=1 2 3 -1 -4
right_child=-2 -3 4 -5 -6
leaf_value=-0.00061888987879405301 -0.0098330143148300762 -0.0075883652154930779 0.0018405570066644327 0.0040958887515765924 0.0089682654339920051
leaf_weight=163 26 20 21 58 26
leaf_count=163 26 20 21 58 26
internal_value=0 0.00089348 0.00154397 0.000601674 0.00587914
internal_weight=314 288 268 221 47
internal_count=314 288 268 221 47
is_linear=0
shrinkage=0.04


Tree=69
num_leaves=10
num_cat=0
split_feature=48 26 32 5 47 23 27 32 32
split_gain=1.61692 1.64277 1.46488 0.708103 0.569456 0.634686 0.764128 0.326783 0.228188
threshold=25.500000000000004 0.042867468501921954 -0.0017818498139653496 10.865277482191818 0.32894736842105265 0.24931513156380208 82.835499000000013 -0.039790157279127845 -0.0017818498139653496
decision_type=2 2 8 2 2 2 2 10 8
left_child=4 2 7 8 -1 6 -6 -2 -3
right_child=1 3 -4 -5 5 -7 -8 -9 -10
leaf_value=-0.0030662059561345585 -0.0073267919820914334 0.0012588651755671479 -0.016475410433883352 0.0071687889935987247 -0.0016356547508238478 0.0098055365250542832 0.004707212509061625 -0.00044439655682250461 -0.0040597451206062993
leaf_weight=24 21 23 21 21 47 22 82 26 27
leaf_count=24 21 23 21 21 47 22 82 26 27
internal_value=0 -0.00321713 -0.00766263 0.00098906 0.00255985 0.00348197 0.00236578 -0.00361346 -0.00153571
internal_weight=314 139 68 71 175 151 129 47 50
internal_count=314 139 68 71 175 151 129 47 50
is_linear=0
shrinkage=0.04


Tree=70
num_leaves=6
num_cat=0
split_feature=48 42 0 7 33
split_gain=1.55354 0.863654 0.624795 0.751325 0.450476
threshold=31.500000000000004 1.8048419236709041 0.18515986670726345 37.509350261896429 0.69463869463869476
decision_type=2 2 10 2 2
left_child=1 2 3 -1 -4
right_child=-2 -3 4 -5 -6
leaf_value=-0.0019222475011250626 -0.0099835750761389473 -0.0071749740657373441 0.00046741128763270128 0.0030262459707128299 0.0071187852088640743
leaf_weight=112 23 20 28 87 44
leaf_count=112 23 20 28 87 44
internal_value=0 0.000793397 0.00139865 0.000221507 0.00459185
internal_weight=314 291 271 199 72
internal_count=314 291 271 199 72
is_linear=0
shrinkage=0.04


Tree=71
num_leaves=7
num_cat=0
split_feature=0 51 48 7 30 42
split_gain=1.47994 1.12449 1.35569 0.897084 0.736157 0.390775
threshold=0.016335681262012802 1.4535081894886552 28.500000000000004 25.48445525662768 31.101190475000003 1.305024372620639
decision_type=10 2 2 2 2 2
left_child=-1 2 4 -3 -2 -5
right_child=1 3 -4 5 -6 -7
leaf_value=-0.010500033306541727 -0.0057608229527071507 0.011745997840688692 -0.0088895018485813208 0.004772638271912895 0.0015036464929161564 -0.0013263062933241132
leaf_weight=20 26 21 29 39 151 28
leaf_count=20 26 21 29 39 151 28
internal_value=0 0.000718601 -0.000882295 0.0045083 0.000411313 0.00216604
internal_weight=314 294 206 88 177 67
internal_count=314 294 206 88 177 67
is_linear=0
shrinkage=0.04


Tree=72
num_leaves=10
num_cat=0
split_feature=48 34 40 33 7 40 48 30 37
split_gain=1.38607 1.46036 0.835443 0.655657 0.551733 0.53166 0.424672 0.289397 0.287392
threshold=25.500000000000004 16.639208568649867 0.92648227626768398 0.83045977011494265 44.399074830201563 1.8872602272021852 23.500000000000004 41.042780750000013 15.037453627632006
decision_type=2 2 2 2 2 2 2 2 2
left_child=3 -2 -3 6 -4 8 7 -1 -5
right_child=1 2 4 5 -6 -7 -8 -9 -10
leaf_value=-0.0012497780531709327 -0.010628149866387009 0.0061451751378057227 -0.0047972556370151796 0.0042008308713187541 0.0019523148721223196 0.00069094436219120159 -0.0031016383004799043 0.0041924133011747126 0.011060477956449342
leaf_weight=23 31 22 58 21 28 27 37 43 24
leaf_count=23 31 22 58 21 28 27 37 43 24
internal_value=0 -0.0029805 -0.000740538 0.0023682 -0.00255355 0.00529708 0.000278878 0.00223636 0.00796441
internal_weight=314 139 108 175 86 72 103 66 45
internal_count=314 139 108 175 86 72 103 66 45
is_linear=0
shrinkage=0.04


Tree=73
num_leaves=7
num_cat=0
split_feature=0 51 7 36 36 50
split_gain=1.33263 1.00575 0.801424 0.629481 0.711279 0.397605
threshold=0.016335681262012802 1.4535081894886552 25.48445525662768 4.200517852787212 9.145040951673403 2368.0000000000005
decision_type=10 2 2 2 2 2
left_child=-1 3 -3 -2 -5 -4
right_child=1 2 5 4 -6 -7
leaf_value=-0.0099632371524673198 0.0056745260108209327 0.011110230249869173 -2.0856974303656296e-05 -0.0050433495822000997 0.00015799452917593899 0.0064444564825568628
leaf_weight=20 21 21 45 63 122 22
leaf_count=20 21 21 45 63 122 22
internal_value=0 0.000682407 0.00426683 -0.000830722 -0.00159343 0.00204891
internal_weight=314 294 88 206 185 67
internal_count=314 294 88 206 185 67
is_linear=0
shrinkage=0.04


Tree=74
num_leaves=6
num_cat=0
split_feature=48 42 44 7 13
split_gain=1.31286 0.764478 0.531242 0.458968 0.24734
threshold=31.500000000000004 1.8048419236709041 0.37894743560286953 39.898793031636522 0.65494841084210831
decision_type=2 2 2 2 2
left_child=1 2 3 -1 -4
right_child=-2 -3 4 -5 -6
leaf_value=-0.00073118136888690238 -0.0091767667911269446 -0.0067650576573402722 0.0078182272985577589 0.0031626999296364877 0.0016817995662231581
leaf_weight=154 23 20 26 70 21
leaf_count=154 23 20 26 70 21
internal_value=0 0.000730314 0.00130052 0.000468676 0.00517074
internal_weight=314 291 271 224 47
internal_count=314 291 271 224 47
is_linear=0
shrinkage=0.04


Tree=75
num_leaves=12
num_cat=0
split_feature=48 26 32 5 33 12 3 36 32 24 5
split_gain=1.23121 1.32482 1.32772 0.609633 0.596474 0.47939 0.399584 0.401542 0.29046 0.286588 0.210151
threshold=25.500000000000004 0.042867468501921954 -0.0017818498139653496 10.865277482191818 0.83045977011494265 1.3119289371825695 0.07438265470260251 8.2623432869842741 -0.039790157279127845 0.38720312807283414 5.8607834732674808
decision_type=2 2 8 2 2 2 2 2 10 2 2
left_child=4 2 8 10 6 9 -1 -8 -2 -6 -3
right_child=1 3 -4 -5 5 -7 7 -9 -10 -11 -12
leaf_value=0.0043400884915501189 -0.0064337652469698284 0.0014204962956150195 -0.015185356277142657 0.0067004021885694477 0.009986284944722661 8.2903051329575046e-05 -0.0057893432299206153 0.00057699475198871896 0 0.0034082747845341102 -0.0037063075270623068
leaf_weight=28 21 22 21 21 28 23 22 53 26 21 28
leaf_count=28 21 22 21 21 28 23 22 53 26 21 28
internal_value=0 -0.00280751 -0.006801 0.000965179 0.00223355 0.00502697 0.000239092 -0.00124242 -0.00294559 0.00726129 -0.00137234
internal_weight=314 139 68 71 175 72 103 75 47 49 50
internal_count=314 139 68 71 175 72 103 75 47 49 50
is_linear=0
shrinkage=0.04


Tree=76
num_leaves=7
num_cat=0
split_feature=0 51 48 30 16 45
split_gain=1.19044 0.885554 1.05349 0.671698 0.57129 0.474283
threshold=0.016335681262012802 1.5268657886084471 28.500000000000004 31.101190475000003 4.0859230870580179 0.089810319695512508
decision_type=10 2 2 2 2 2
left_child=-1 2 3 -2 5 -3
right_child=1 4 -4 -5 -6 -7
leaf_value=-0.0094151835343730984 -0.0054549629455325245 0.0026271942647746499 -0.0075630295281901806 0.001438121356347577 -0.00028207051356237718 0.010881064056875221
leaf_weight=20 26 23 30 165 25 25
leaf_count=20 26 23 30 165 25 25
internal_value=0 0.000646498 -0.000599674 0.000476501 0.00446953 0.00702293
internal_weight=314 294 221 191 73 48
internal_count=314 294 221 191 73 48
is_linear=0
shrinkage=0.04


Tree=77
num_leaves=5
num_cat=0
split_feature=48 42 43 4
split_gain=1.13929 0.687544 0.455761 0.437917
threshold=30.500000000000004 1.8048419236709041 0.98671547403467641 0.8466231429498462
decision_type=2 2 2 2
left_child=1 2 -1 -4
right_child=-2 -3 3 -5
leaf_value=0.0056096236121532164 -0.0080003683560196017 -0.0063757189982269523 -0.00056544719989524766 0.0031020537601486719
leaf_weight=34 26 20 157 77
leaf_count=34 26 20 157 77
internal_value=0 0.000727084 0.00127424 0.000625103
internal_weight=314 288 268 234
internal_count=314 288 268 234
is_linear=0
shrinkage=0.04


Tree=78
num_leaves=6
num_cat=0
split_feature=0 13 13 47 48
split_gain=1.08356 0.866569 0.879096 0.772333 0.50332
threshold=0.016335681262012802 1.1755566116563134 1.3965704439257476 0.88157894736842113 24.500000000000004
decision_type=10 2 2 2 2
left_child=-1 3 -3 4 -2
right_child=1 2 -4 -5 -6
leaf_value=-0.0089838658058228188 0.003168961173018587 -0.0081642032947356457 0.0010382365540592873 0.0080138846802329678 -0.00084564907036583368
leaf_weight=20 88 32 33 28 113
leaf_count=20 88 32 33 28 113
internal_value=0 0.00061553 -0.00343633 0.00178408 0.000892802
internal_weight=314 294 65 229 201
internal_count=314 294 65 229 201
is_linear=0
shrinkage=0.04


Tree=79
num_leaves=8
num_cat=0
split_feature=51 49 16 6 19 45 20
split_gain=0.998957 1.58396 0.530681 0.475859 0.697128 0.457901 0.38567
threshold=1.5268657886084471 42.500000000000007 3.9633496571988247 16.722586915545318 1.0199051043581704 0.089810319695512508 1.2601545022892782
decision_type=2 2 2 2 2 2 2
left_child=1 3 5 4 -1 -2 -5
right_child=2 -3 -4 6 -6 -7 -8
leaf_value=-0.00043053601173397563 0.0025001184381116394 -0.01203192922013316 -0.00042496263321035462 3.8407993889029447e-05 -0.0082351462816086293 0.010427815730826488 0.0059343689881609851
leaf_weight=115 26 20 27 52 22 24 28
leaf_count=115 26 20 27 52 22 24 28
internal_value=0 -0.00128484 0.00395651 -0.000270818 -0.0017181 0.00639847 0.00215676
internal_weight=314 237 77 217 137 50 80
internal_count=314 237 77 217 137 50 80
is_linear=0
shrinkage=0.04


Tree=80
num_leaves=8
num_cat=0
split_feature=48 15 11 47 14 27 33
split_gain=0.989661 1.20737 1.92218 0.634169 0.562742 0.733646 0.369625
threshold=27.500000000000004 1.4647907062155086 0.31446556237059037 0.32894736842105265 1.9372830828678087 86.730481730000022 0.74537037037037046
decision_type=2 2 2 2 2 2 2
left_child=3 2 -2 -1 6 -6 -5
right_child=1 -3 -4 4 5 -7 -8
leaf_value=-0.0037636786104996529 -0.017473303718649927 0.0015519083239520783 0 0.0015807093095459802 -0.0027937842021450864 0.0042773753582815259 0.0064146987063482324
leaf_weight=34 20 33 21 52 61 38 55
leaf_count=34 20 33 21 52 61 38 55
internal_value=0 -0.00403976 -0.00863051 0.00124836 0.00209642 -3.76611e-05 0.00410649
internal_weight=314 74 41 240 206 99 107
internal_count=314 74 41 240 206 99 107
is_linear=0
shrinkage=0.04


Tree=81
num_leaves=7
num_cat=0
split_feature=0 13 13 51 7 6
split_gain=0.941055 0.759404 0.787363 0.565787 0.480572 0.363001
threshold=0.016335681262012802 1.1755566116563134 1.3965704439257476 1.4535081894886552 25.48445525662768 17.074688009710581
decision_type=10 2 2 2 2 2
left_child=-1 3 -3 5 -5 -2
right_child=1 2 -4 4 -6 -7
leaf_value=-0.0083725198058050079 -0.00085630894627170689 -0.0076940002515796004 0.0010109556220989572 0.0097633009672306158 0.0023868008303695809 0.0034075262918624848
leaf_weight=20 114 32 33 21 50 44
leaf_count=20 114 32 33 21 50 44
internal_value=0 0.000573399 -0.00321835 0.00166806 0.0046355 0.000307192
internal_weight=314 294 65 229 71 158
internal_count=314 294 65 229 71 158
is_linear=0
shrinkage=0.04


Tree=82
num_leaves=10
num_cat=0
split_feature=48 34 33 6 23 42 43 30 4
split_gain=0.91989 1.10767 0.487675 0.599047 0.837804 0.430866 0.360709 0.311264 0.213455
threshold=25.500000000000004 16.639208568649867 0.96922348484848497 16.842889269359862 0.039320168205804758 1.4196585852115298 1.4863759103183047 45.307917885000002 0.39658739934830495
decision_type=2 2 2 2 2 2 2 2 2
left_child=2 -2 3 4 -1 8 -5 -7 -3
right_child=1 5 -4 6 -6 7 -8 -9 -10
leaf_value=-0.0071755361477077242 -0.0090858503300666679 0.0045405017027995024 0.0071191496306295659 0.0016895770328422431 0.0014673882293383758 -0.0071584680179754894 0.0080739323300102993 -0.00040878882281124816 -0.00016600220265522228
leaf_weight=26 31 25 25 46 56 20 22 27 36
leaf_count=26 31 25 25 46 56 20 22 27 36
internal_value=0 -0.00242674 0.00193063 0.00103506 -0.00122973 -0.000471688 0.00382266 -0.00337502 0.0017017
internal_weight=314 139 175 150 82 108 68 47 61
internal_count=314 139 175 150 82 108 68 47 61
is_linear=0
shrinkage=0.04


Tree=83
num_leaves=8
num_cat=0
split_feature=48 48 42 38 34 23 18
split_gain=0.901593 0.587798 0.786675 0.373457 0.315743 0.307086 0.230265
threshold=31.500000000000004 23.500000000000004 1.3817902385762 9.5154347558725885 21.714420098503634 0.034220576845869009 9.8407306360784919
decision_type=2 2 2 2 2 2 2
left_child=1 4 5 -4 6 -3 -1
right_child=-2 2 3 -5 -6 -7 -8
leaf_value=0.0054671303032716705 -0.0076048695963698556 -0.0021409156526575718 -0.0013285461433673906 -0.0066044041319691165 0.0073086280167683386 0.003257072987293259 0.00034218468515661925
leaf_weight=20 23 21 69 33 23 72 53
leaf_count=20 23 21 69 33 23 72 53
internal_value=0 0.000605091 -0.000639399 -0.00307942 0.00317262 0.00199422 0.00180656
internal_weight=314 291 195 102 96 93 73
internal_count=314 291 195 102 96 93 73
is_linear=0
shrinkage=0.04


Tree=84
num_leaves=9
num_cat=0
split_feature=42 48 19 48 34 20 15 48
split_gain=0.845791 1.33523 0.66762 0.595731 0.399754 0.372785 0.284697 0.25251
threshold=1.305024372620639 28.500000000000004 0.423004580620916 23.500000000000004 16.515523747822606 0.68675079542076045 0.68944691671964409 24.500000000000004
decision_type=2 2 2 2 2 2 2 2
left_child=2 3 -1 4 -2 -5 -4 -8
right_child=1 -3 6 5 -6 -7 7 -9
leaf_value=0.0089370337223787337 -0.0013833012628318064 -0.0088560050185713529 0.0046548885540943948 -0.0050336988399347924 0.0053698783544166399 -0.000116748539420879 0.002422460113064389 -0.0028409450942009592
leaf_weight=23 20 33 26 38 41 75 27 31
leaf_count=23 20 33 26 38 41 75 27 31
internal_value=0 -0.00149101 0.00288733 -6.69391e-05 0.00309161 -0.00180859 0.00117465 -0.00032194
internal_weight=314 207 107 174 61 113 84 58
internal_count=314 207 107 174 61 113 84 58
is_linear=0
shrinkage=0.04


Tree=85
num_leaves=7
num_cat=0
split_feature=50 40 7 4 31 50
split_gain=0.834046 0.75145 0.544275 0.693265 0.452065 0.406789
threshold=1080.0000000000002 0.92648227626768398 41.958564976003352 0.46975303138373753 6.7480769230000011 1727.5000000000002
decision_type=2 2 2 2 2 2
left_child=-1 4 3 -3 -2 -4
right_child=1 2 5 -5 -6 -7
leaf_value=-0.0060048727286006031 0.00083231721647936314 -0.0048009093200574943 -0.001205655382339525 0.00053071886583812441 0.0092138633620442202 0.0049188014461743921
leaf_weight=33 20 62 26 102 24 47
leaf_count=33 20 62 26 102 24 47
internal_value=0 0.000708081 -0.000167618 -0.00146222 0.0055053 0.0026841
internal_weight=314 281 237 164 44 73
internal_count=314 281 237 164 44 73
is_linear=0
shrinkage=0.04


Tree=86
num_leaves=6
num_cat=0
split_feature=0 13 13 47 49
split_gain=0.782073 0.665841 0.699442 0.610278 0.43165
threshold=0.016335681262012802 1.1755566116563134 1.3965704439257476 0.88157894736842113 30.500000000000004
decision_type=10 2 2 2 2
left_child=-1 3 -3 4 -2
right_child=1 2 -4 -5 -6
leaf_value=-0.007632198347084557 4.7615152146858667e-05 -0.0072455190024643306 0.00095391583575492897 0.0070878328730309137 0.0057782564321494203
leaf_weight=20 177 32 33 28 24
leaf_count=20 177 32 33 28 24
internal_value=0 0.000523122 -0.00302621 0.00154892 0.000754294
internal_weight=314 294 65 229 201
internal_count=314 294 65 229 201
is_linear=0
shrinkage=0.04


Tree=87
num_leaves=6
num_cat=0
split_feature=48 42 33 45 6
split_gain=0.791377 0.501676 0.351319 0.368262 0.359509
threshold=31.500000000000004 1.8048419236709041 0.96922348484848497 0.071296799288596363 17.074688009710581
decision_type=2 2 2 2 2
left_child=1 2 4 -4 -1
right_child=-2 -3 3 -5 -6
leaf_value=-0.0010157996802210431 -0.0071239318579306337 -0.0054986087607210542 0.00044382594552297156 0.0081461639511641731 0.0021597444272584759
leaf_weight=126 23 20 21 21 103
leaf_count=126 23 20 21 21 103
internal_value=0 0.00056786 0.00103219 0.00440021 0.000395361
internal_weight=314 291 271 42 229
internal_count=314 291 271 42 229
is_linear=0
shrinkage=0.04


Tree=88
num_leaves=7
num_cat=0
split_feature=50 40 48 9 31 18
split_gain=0.748735 0.688079 0.770803 0.665036 0.40484 0.402511
threshold=1080.0000000000002 0.92648227626768398 24.500000000000004 58.925329792382833 6.7480769230000011 9.4112740032721973
decision_type=2 2 2 2 2 2
left_child=-1 4 5 -4 -2 -3
right_child=1 2 3 -5 -6 -7
leaf_value=-0.0056880984563391739 0.00082743238602111591 0.0070987255910806594 -0.0054048751399767385 0.00023236087211328177 0.0087744862978883804 0.0010142271444620041
leaf_weight=33 20 23 58 76 24 80
leaf_count=33 20 23 58 76 24 80
internal_value=0 0.000672274 -0.000164995 -0.00218002 0.00526296 0.00241727
internal_weight=314 281 237 134 44 103
internal_count=314 281 237 134 44 103
is_linear=0
shrinkage=0.04


Tree=89
num_leaves=9
num_cat=0
split_feature=42 50 19 13 13 15 19 51
split_gain=0.732914 0.883915 0.546973 0.389297 0.637249 0.236059 0.230626 0.227026
threshold=1.305024372620639 1080.0000000000002 0.423004580620916 1.1755566116563134 1.4244549171019762 0.68944691671964409 0.39935009173411562 1.8272798137632704
decision_type=2 2 2 2 2 2 2 2
left_child=2 -2 -1 6 -5 -4 -3 -7
right_child=1 3 5 4 -6 7 -8 -9
leaf_value=0.0081704761447522027 -0.0091551286306991407 -0.0019336146477908983 0.0043018723257828026 -0.0088125367187210733 0.00048625346555177912 -0.0020997725716569607 0.001608916115068373 0.0031395353740127523
leaf_weight=23 21 41 26 21 25 38 99 20
leaf_count=23 21 41 26 21 25 38 99 20
internal_value=0 -0.00138552 0.0026902 -0.000482362 -0.00368199 0.00113415 0.00054227 -0.000221974
internal_weight=314 207 107 186 46 84 140 58
internal_count=314 207 107 186 46 84 140 58
is_linear=0
shrinkage=0.04


Tree=90
num_leaves=8
num_cat=0
split_feature=48 48 42 38 36 2 37
split_gain=0.707088 0.47338 0.569974 0.335273 0.266077 0.249282 0.370311
threshold=31.500000000000004 23.500000000000004 1.3817902385762 9.5154347558725885 8.3576324453571349 0.49680629499530632 18.01487793157342
decision_type=2 2 2 2 2 2 2
left_child=1 5 4 -4 -3 -1 -7
right_child=-2 2 3 -5 -6 6 -8
leaf_value=0.0064225447230442925 -0.0067320295381339589 -0.0010676195376342343 -0.0009961673257233611 -0.0059904138426496193 0.0033003246475345189 -0.00042783128156973301 0.0055229881290064387
leaf_weight=24 23 34 69 33 59 47 25
leaf_count=24 23 34 69 33 59 47 25
internal_value=0 0.000538595 -0.000576497 -0.00265541 0.00166105 0.00284349 0.00158774
internal_weight=314 291 195 102 93 96 72
internal_count=314 291 195 102 93 96 72
is_linear=0
shrinkage=0.04


Tree=91
num_leaves=6
num_cat=0
split_feature=11 13 48 47 48
split_gain=0.664827 0.648327 0.603034 0.42306 0.363715
threshold=1.0000000180025095e-35 1.1755566116563134 26.500000000000004 0.88157894736842113 24.500000000000004
decision_type=2 2 2 2 2
left_child=-1 3 -3 4 -2
right_child=1 2 -4 -5 -6
leaf_value=-0.0068548039971934671 0.0027673719273456328 7.250354313621605e-05 -0.0077228879728764863 0.0063217423729227422 -0.00061885153186710506
leaf_weight=21 90 38 26 26 113
leaf_count=21 90 38 26 26 113
internal_value=0 0.000496556 -0.00303908 0.00150304 0.000863358
internal_weight=314 293 64 229 203
internal_count=314 293 64 229 203
is_linear=0
shrinkage=0.04


Tree=92
num_leaves=7
num_cat=0
split_feature=0 13 30 47 49 13
split_gain=0.655257 0.526854 0.62677 0.478701 0.437823 0.35086
threshold=0.016335681262012802 1.1755566116563134 43.875000000000007 0.88157894736842113 30.500000000000004 1.3965704439257476
decision_type=10 2 2 2 2 2
left_child=-1 3 -3 4 -2 -4
right_child=1 2 5 -5 -6 -7
leaf_value=-0.0069846532860798616 0 -0.0083424496188124215 -0.0036852630863398734 0.0063020269768942292 0.005745538453343497 0.0034491524241009957
leaf_weight=20 177 21 21 28 24 23
leaf_count=20 177 21 21 28 24 23
internal_value=0 0.000480229 -0.00267449 0.00139391 0.000687508 0
internal_weight=314 294 65 229 201 44
internal_count=314 294 65 229 201 44
is_linear=0
shrinkage=0.04


Tree=93
num_leaves=6
num_cat=0
split_feature=40 49 27 4 31
split_gain=0.63319 0.800911 0.460441 0.524633 0.395254
threshold=0.74762073739931301 42.500000000000007 85.545386365000013 0.97664835164835173 6.7802144245000013
decision_type=2 2 2 2 2
left_child=-1 2 3 -2 -4
right_child=1 -3 4 -5 -6
leaf_value=0.005065994412131459 -0.002771090645108212 -0.00794137018028967 0.0064523722685274048 0.0020700888023684402 0.00054131578674079274
leaf_weight=35 115 22 26 51 65
leaf_count=35 115 22 26 51 65
internal_value=0 -0.000634284 0 -0.00125931 0.00227933
internal_weight=314 279 257 166 91
internal_count=314 279 257 166 91
is_linear=0
shrinkage=0.04


Tree=94
num_leaves=7
num_cat=0
split_feature=50 40 48 15 5 31
split_gain=0.62883 0.541442 0.599959 0.96874 0.430794 0.358286
threshold=1080.0000000000002 0.92648227626768398 27.500000000000004 1.4647907062155086 10.252145308924488 6.7480769230000011
decision_type=2 2 2 2 2 2
left_child=-1 5 4 -4 -3 -2
right_child=1 2 3 -5 -6 -7
leaf_value=-0.005211348396773785 0.0005123314268849975 -0.00029815660720373943 -0.0083249257466642655 0.002187218942304617 0.0038963990118985404 0.0079882645811035422
leaf_weight=33 20 125 32 24 56 24
leaf_count=33 20 125 32 24 56 24
internal_value=0 0.000617522 -0.000123279 -0.00375255 0.000978954 0.00468968
internal_weight=314 281 237 56 181 44
internal_count=314 281 237 56 181 44
is_linear=0
shrinkage=0.04


Tree=95
num_leaves=9
num_cat=0
split_feature=42 48 19 48 20 39 15 39
split_gain=0.61073 1.00202 0.46458 0.434404 0.30783 0.280093 0.189336 0.201993
threshold=1.305024372620639 28.500000000000004 0.423004580620916 23.500000000000004 0.68675079542076045 3.4014631465957885 0.68944691671964409 4.118159880763681
decision_type=2 2 2 2 2 2 2 2
left_child=2 3 -1 5 -5 -2 -4 -8
right_child=1 -3 6 4 -6 -7 7 -9
leaf_value=0.0075083902865261233 -0.0010510625634620439 -0.0076442002981135853 0.0038556180257079014 -0.004446560101989374 0 0.0045752515662642801 0.0021740840311788574 -0.0025286460668622109
leaf_weight=23 20 33 26 38 75 41 28 30
leaf_count=23 20 33 26 38 75 41 28 30
internal_value=0 -0.00126434 0.00245616 -2.77005e-05 -0.00151847 0.00266639 0.00101797 -0.000189681
internal_weight=314 207 107 174 113 61 84 58
internal_count=314 207 107 174 113 61 84 58
is_linear=0
shrinkage=0.04


Tree=96
num_leaves=6
num_cat=0
split_feature=50 51 48 36 24
split_gain=0.574895 0.454952 0.874796 0.308943 0.252262
threshold=1080.0000000000002 1.5268657886084471 28.500000000000004 3.8866767022824411 0.22181146961508677
decision_type=2 2 2 2 2
left_child=-1 2 3 -2 -3
right_child=1 4 -4 -5 -6
leaf_value=-0.0049827350405948038 0.0053095313638307461 0.0060758397135175649 -0.0064963421548965283 0.00013676816964180988 0.00092245341287053599
leaf_weight=33 21 32 31 164 33
leaf_count=33 21 32 31 164 33
internal_value=0 0.000590559 -0.00027562 0.000748108 0.00352638
internal_weight=314 281 216 185 65
internal_count=314 281 216 185 65
is_linear=0
shrinkage=0.04


Tree=97
num_leaves=7
num_cat=0
split_feature=0 13 8 47 45 37
split_gain=0.567759 0.450351 0.595378 0.407411 0.370573 0.33706
threshold=0.016335681262012802 1.1755566116563134 1.5662465726872961 0.88157894736842113 0.041406566769072402 15.938809123588465
decision_type=10 2 2 2 2 2
left_child=-1 3 -3 4 -2 -4
right_child=1 2 5 -5 -6 -7
leaf_value=-0.0064997709724143957 0.0057956428366217443 -0.0079933813095128085 0.0040044304142840461 0.0058239332491074594 4.6427301898720041e-05 -0.00300322914843861
leaf_weight=20 20 21 20 28 181 24
leaf_count=20 20 21 20 28 181 24
internal_value=0 0.00044884 -0.00246619 0.00129443 0.000640977 9.32251e-05
internal_weight=314 294 65 229 201 44
internal_count=314 294 65 229 201 44
is_linear=0
shrinkage=0.04


Tree=98
num_leaves=6
num_cat=0
split_feature=11 40 48 15 7
split_gain=0.58854 0.496373 0.45367 0.375441 0.335643
threshold=1.0000000180025095e-35 0.71446866103010975 24.500000000000004 1.4647907062155086 32.464261187016561
decision_type=2 2 2 2 2
left_child=-1 -2 4 -4 -3
right_child=1 2 3 -5 -6
leaf_value=-0.0064475944355765783 0.0053368588947873578 -0.00020117515432854137 -0.0032965569573916395 0.00075163231034809641 0.0040474410541355612
leaf_weight=21 30 61 85 62 55
leaf_count=21 30 61 85 62 55
internal_value=0 0.000469127 -7.2742e-05 -0.00156261 0.00178055
internal_weight=314 293 263 147 116
internal_count=314 293 263 147 116
is_linear=0
shrinkage=0.04


Tree=99
num_leaves=8
num_cat=0
split_feature=42 48 30 19 19 15 39
split_gain=0.5432 0.853272 0.403208 0.40019 0.383174 0.163418 0.180805
threshold=1.305024372620639 28.500000000000004 30.277777780000005 0.423004580620916 0.9741246760093133 0.68944691671964409 4.118159880763681
decision_type=2 2 2 2 2 2 2
left_child=3 2 -2 -1 -4 -5 -7
right_child=1 -3 4 5 -6 6 -8
leaf_value=0.0070093267199732526 -0.0049914610972910216 -0.0070793397506288174 0.0018293499115119801 0.0036135592167461966 -0.0028726753993914395 0.0020948057823227816 -0.0023561398800078814
leaf_weight=23 23 33 115 26 36 28 30
leaf_count=23 23 33 115 26 36 28 30
internal_value=0 -0.00119157 -4.85247e-05 0.00231721 0.000680705 0.000978099 -0.000138653
internal_weight=314 207 174 107 151 84 58
internal_count=314 207 174 107 151 84 58
is_linear=0
shrinkage=0.04


Tree=100
num_leaves=5
num_cat=0
split_feature=48 42 43 33
split_gain=0.510561 0.364611 0.261636 0.312782
threshold=31.500000000000004 1.8048419236709041 1.697224143040601 0.96922348484848497
decision_type=2 2 2 2
left_child=1 2 3 -1
right_child=-2 -3 -4 -5
leaf_value=-0.0002356992600190601 -0.0057196883954010996 -0.0047095681653724084 0.0043860974001924064 0.003582999856276959
leaf_weight=200 23 20 30 41
leaf_count=200 23 20 30 41
internal_value=0 0.000458458 0.000856213 0.000398581
internal_weight=314 291 271 241
internal_count=314 291 271 241
is_linear=0
shrinkage=0.04


Tree=101
num_leaves=6
num_cat=0
split_feature=0 13 13 49 47
split_gain=0.507997 0.411361 0.549067 0.510624 0.325438
threshold=0.016335681262012802 1.1755566116563134 1.3965704439257476 30.500000000000004 0.88157894736842113
decision_type=10 2 2 2 2
left_child=-1 3 -3 4 -2
right_child=1 2 -4 -5 -6
leaf_value=-0.0061487520504650188 -5.8776445109407693e-05 -0.0061067382333295376 0.0011575956951005223 0.0065133249302933502 0.0047057295850231893
leaf_weight=20 177 32 33 26 26
leaf_count=20 177 32 33 26 26
internal_value=0 0.000423999 -0.00236113 0.00123268 0.000533778
internal_weight=314 294 65 229 203
internal_count=314 294 65 229 203
is_linear=0
shrinkage=0.04


Tree=102
num_leaves=5
num_cat=0
split_feature=11 33 40 48
split_gain=0.530437 0.45029 0.549449 0.423836
threshold=1.0000000180025095e-35 0.45833333333333343 0.92648227626768398 27.500000000000004
decision_type=2 2 2 2
left_child=-1 -2 -3 -4
right_child=1 2 3 -5
leaf_value=-0.0061220858892275824 -0.0046525154598205682 0.0053892852551257362 0.0011487183242603666 -0.0028946909041947882
leaf_weight=21 25 38 176 54
leaf_count=21 25 38 176 54
internal_value=0 0.000444354 0.000936286 0.000181167
internal_weight=314 293 268 230
internal_count=314 293 268 230
is_linear=0
shrinkage=0.04


Tree=103
num_leaves=9
num_cat=0
split_feature=42 48 48 19 33 34 5 3
split_gain=0.49946 0.738491 0.3632 0.347608 0.288231 0.281797 0.188844 0.208357
threshold=1.305024372620639 28.500000000000004 23.500000000000004 0.46466994039809578 0.71354166666666685 16.515523747822606 11.859876352888646 0.17402515503798677
decision_type=2 2 2 2 2 2 2 2
left_child=3 2 5 -1 -4 -2 7 -5
right_child=1 -3 4 6 -6 -7 -8 -9
leaf_value=0.0058852266905167171 -0.0013569708479874169 -0.0066223951223731226 -0.0042216896514534535 0.0014506781890810247 0 0.0043012317721737624 0.0031071525021830449 -0.0039551096316890336
leaf_weight=30 20 33 39 25 74 41 32 20
leaf_count=30 20 33 39 25 74 41 32 20
internal_value=0 -0.00114421 -7.90633e-05 0.00222035 -0.00144359 0.00238143 0.000734811 -0.000866645
internal_weight=314 207 174 107 113 61 77 45
internal_count=314 207 174 107 113 61 77 45
is_linear=0
shrinkage=0.04


Tree=104
num_leaves=7
num_cat=0
split_feature=11 13 8 33 19 26
split_gain=0.487588 0.433659 0.463402 0.414222 0.342305 0.210938
threshold=1.0000000180025095e-35 1.1755566116563134 1.5662465726872961 0.45833333333333343 0.9741246760093133 0.048492069090747554
decision_type=2 2 2 2 2 2
left_child=-1 3 -3 -2 -5 -4
right_child=1 2 5 4 -6 -7
leaf_value=-0.0058700989306820503 -0.0038987910494680316 -0.0069940891461164672 0.0030219411859242476 0.0027076271637985665 -0.001120741640725776 -0.002701108157811289
leaf_weight=21 22 23 20 160 47 21
leaf_count=21 22 23 20 160 47 21
internal_value=0 0.000425538 -0.00246203 0.00125072 0.00181895 0
internal_weight=314 293 64 229 207 41
internal_count=314 293 64 229 207 41
is_linear=0
shrinkage=0.04


Tree=105
num_leaves=8
num_cat=0
split_feature=50 48 42 19 9 18 5
split_gain=0.457543 0.34888 0.504005 0.501302 0.265761 0.142387 0.286406
threshold=1080.0000000000002 23.500000000000004 1.3148545688657554 0.49113598927943275 65.24324799149116 9.7557392097057498 8.4208851992087066
decision_type=2 2 2 2 2 2 2
left_child=-1 5 3 -3 -4 -2 -7
right_child=1 2 4 -5 -6 6 -8
leaf_value=-0.0044473193828973162 0.0054382210574818379 0.0070206073979959208 -0.0029185029574363935 -6.9537276989208054e-05 0.0012067141685623247 -0.0011024455197675284 0.0042951756490580131
leaf_weight=33 23 24 97 44 32 30 31
leaf_count=33 23 24 97 44 32 30 31
internal_value=0 0.000524718 -0.000378088 0.00238076 -0.00186407 0.00268751 0.00157768
internal_weight=314 281 197 68 129 84 61
internal_count=314 281 197 68 129 84 61
is_linear=0
shrinkage=0.04


Tree=106
num_leaves=8
num_cat=0
split_feature=48 48 24 33 30 18 11
split_gain=0.449005 0.282934 0.327345 0.356857 0.353731 0.188522 0.294596
threshold=31.500000000000004 23.500000000000004 0.39564845163185486 0.50862068965517249 63.24561403500001 9.4112740032721973 0.2904808533688904
decision_type=2 2 2 2 2 2 2
left_child=1 5 3 -3 -4 -1 -7
right_child=-2 2 4 -5 -6 6 -8
leaf_value=0.0055041019675823354 -0.0053668005022651701 -0.00412560670530025 -0.0051771922985954059 0.0016448518277020437 0.00065607937114705011 -0.0024876396909146469 0.0029008742499141544
leaf_weight=22 23 20 39 109 27 23 51
leaf_count=22 23 20 39 109 27 23 51
internal_value=0 0.00042697 -0.000431163 0.000716721 -0.00273296 0.00221031 0.00117099
internal_weight=314 291 195 129 66 96 74
internal_count=314 291 195 129 66 96 74
is_linear=0
shrinkage=0.04


Tree=107
num_leaves=8
num_cat=0
split_feature=36 8 30 33 39 40 43
split_gain=0.449275 0.929225 0.589875 0.349473 0.329457 0.252052 0.213194
threshold=9.997334199856363 1.0099526876304241 41.042780750000013 0.50862068965517249 5.1222208956463513 0.89735658067705837 1.5088366253953305
decision_type=2 2 2 2 2 2 2
left_child=1 -1 -3 -2 -4 -5 -7
right_child=3 2 4 5 -6 6 -8
leaf_value=-0.0089533114162358377 -0.0025239222541822656 -0.0057355194350340926 -3.0399054724464463e-05 0.0056707178752651742 0.0054258455983384156 0.00032929463291359306 0.0046823876072880632
leaf_weight=23 28 25 82 29 22 81 24
leaf_count=23 28 25 82 29 22 81 24
internal_value=0 -0.0015606 -0.000205624 0.00146605 0.00108949 0.00233087 0.00136585
internal_weight=314 152 129 162 104 134 105
internal_count=314 152 129 162 104 134 105
is_linear=0
shrinkage=0.04


Tree=108
num_leaves=5
num_cat=0
split_feature=0 31 45 36
split_gain=0.415389 0.343979 0.327886 0.531798
threshold=0.016335681262012802 7.1863636365000003 0.032773334640499356 9.997334199856363
decision_type=10 2 2 2
left_child=-1 2 -2 -4
right_child=1 -3 3 -5
leaf_value=-0.0055624770132166827 0.004671730962645144 0.0053016683362177202 -0.0026642583515937234 0.0010813827279813682
leaf_weight=20 22 21 101 150
leaf_count=20 22 21 101 150
internal_value=0 0.000381059 0 -0.000410358
internal_weight=314 294 273 251
internal_count=314 294 273 251
is_linear=0
shrinkage=0.04


Tree=109
num_leaves=6
num_cat=0
split_feature=11 13 13 33 19
split_gain=0.417943 0.378197 0.440289 0.338147 0.302168
threshold=1.0000000180025095e-35 1.1755566116563134 1.3965704439257476 0.45833333333333343 0.9741246760093133
decision_type=2 2 2 2 2
left_child=-1 3 -3 -2 -5
right_child=1 2 -4 4 -6
leaf_value=-0.0054359316995358578 -0.0034817859945119236 -0.0057344134652633763 0.00080813175940948041 0.0025143230528812707 -0.0010802958088268518
leaf_weight=21 22 31 33 160 47
leaf_count=21 22 31 33 160 47
internal_value=0 0.000392776 -0.00230251 0.00116418 0.00167871
internal_weight=314 293 64 229 207
internal_count=314 293 64 229 207
is_linear=0
shrinkage=0.04


Tree=110
num_leaves=8
num_cat=0
split_feature=48 48 33 24 20 2 37
split_gain=0.403139 0.261859 0.278035 0.313754 0.294216 0.232798 0.262408
threshold=31.500000000000004 23.500000000000004 0.71354166666666685 0.36217890326106761 0.75104225334867902 0.49680629499530632 18.01487793157342
decision_type=2 2 2 2 2 2 2
left_child=1 5 4 -4 -3 -1 -7
right_child=-2 2 3 -5 -6 6 -8
leaf_value=0.0055572257838617713 -0.0050861479812886294 -0.0064623217457702364 0.002437704947499399 -0.0015043351152293036 -0.00061516150099095242 -0.0007782799583086605 0.0042404589923729459
leaf_weight=24 23 21 71 58 45 47 25
leaf_count=24 23 21 71 58 45 47 25
internal_value=0 0.000403737 -0.000421219 0.000634539 -0.0025431 0.00211975 0.000912324
internal_weight=314 291 195 129 66 96 72
internal_count=314 291 195 129 66 96 72
is_linear=0
shrinkage=0.04


Tree=111
num_leaves=8
num_cat=0
split_feature=34 17 8 47 17 20 23
split_gain=0.388178 1.12214 0.439205 0.338328 0.351934 0.299249 0.266254
threshold=16.839583697153675 0.52173961748429842 1.0099526876304241 0.88157894736842113 0.20854511027911601 0.93451433121019112 0.086687465906687314
decision_type=2 2 2 2 2 2 2
left_child=1 -1 6 4 -2 -6 -3
right_child=3 2 -4 -5 5 -7 -8
leaf_value=-0.010555673016429836 -0.0035779981941820305 -0.0055221137517436417 0.004278832547851906 0.0046248211695325879 0.0028991586226643808 -0.00054251813060303574 0.00062500343198689944
leaf_weight=20 32 21 26 33 73 87 22
leaf_count=20 32 21 26 33 73 87 22
internal_value=0 -0.00223564 0.000129863 0.000883621 0.000217707 0.00100359 -0.00229012
internal_weight=314 89 69 225 192 160 43
internal_count=314 89 69 225 192 160 43
is_linear=0
shrinkage=0.04


Tree=112
num_leaves=7
num_cat=0
split_feature=51 48 20 47 36 12
split_gain=0.385161 0.845105 0.320485 0.238768 0.287555 0.124924
threshold=1.5268657886084471 28.500000000000004 0.88758646614478309 0.30263157894736847 4.200517852787212 0.95357222207063785
decision_type=2 2 2 2 2 2
left_child=1 3 -2 -1 -5 -4
right_child=2 -3 5 4 -6 -7
leaf_value=-0.0039330033383410956 0.0056861508917372882 -0.0065316818883785835 0.0026570210376339501 0.0046275507311422034 0 -0.0014536567775075863
leaf_weight=20 30 35 21 25 157 26
leaf_count=20 30 35 21 25 157 26
internal_value=0 -0.000799611 0.00245494 0.000176518 0.000651992 0.000299845
internal_weight=314 237 77 202 182 47
internal_count=314 237 77 202 182 47
is_linear=0
shrinkage=0.04


Tree=113
num_leaves=6
num_cat=0
split_feature=11 13 13 49 9
split_gain=0.375549 0.338699 0.386475 0.295041 0.280141
threshold=1.0000000180025095e-35 1.1755566116563134 1.3965704439257476 30.500000000000004 61.881917654485527
decision_type=2 2 2 2 2
left_child=-1 3 -3 4 -2
right_child=1 2 -4 -5 -6
leaf_value=-0.0051547622910184309 -0.00034048921304635711 -0.0053949919299872365 0.00072815882284025418 0.0051239126509633548 0.0029468802029214763
leaf_weight=21 146 31 33 26 57
leaf_count=21 146 31 33 26 57
internal_value=0 0.000370431 -0.00217913 0.00110107 0.000563867
internal_weight=314 293 64 229 203
internal_count=314 293 64 229 203
is_linear=0
shrinkage=0.04


Tree=114
num_leaves=7
num_cat=0
split_feature=40 16 15 13 13 43
split_gain=0.359301 0.53868 0.702312 0.320321 0.511985 0.277353
threshold=0.71446866103010975 2.0935413308772746 2.4069801833776991 1.1755566116563134 1.3965704439257476 1.7538104030400674
decision_type=2 2 2 2 2 2
left_child=-1 2 -2 5 -5 -3
right_child=1 3 -4 4 -6 -7
leaf_value=0.0040093005174695511 -0.0097960017014171279 0.00050717920675558961 0.00048492964820482238 -0.0059709657894515527 0.0013261112382641663 0.0054344969807784138
leaf_weight=32 21 160 20 30 30 21
leaf_count=32 21 160 20 30 30 21
internal_value=0 -0.0004569 -0.00469461 0.000249096 -0.00225974 0.00110363
internal_weight=314 282 41 241 60 181
internal_count=314 282 41 241 60 181
is_linear=0
shrinkage=0.04


Tree=115
num_leaves=11
num_cat=0
split_feature=42 25 40 20 30 23 12 42 44 5
split_gain=0.360877 0.521125 0.694143 0.644064 0.490915 0.269395 0.22267 0.226561 0.17075 0.166147
threshold=1.305024372620639 1.0000000180025095e-35 1.0570840018593772 0.96366494082840248 34.549071620000007 0.17229168880761378 1.3119289371825695 1.2289627180211344 0.37894743560286953 10.306975218593204
decision_type=2 2 2 2 2 2 2 2 2 2
left_child=6 2 -2 -4 -3 -6 7 8 -1 -9
right_child=1 4 3 -5 5 -7 -8 9 -10 -11
leaf_value=-0.001865392900373212 0.0011472975584377804 -0.0049399830329985841 -0.012315293734346455 -0.0018871046706515167 0.00051719421145386853 0.0056627652568010545 -0.0013922904128850248 0.0022788329843886836 0.0032338067264212245 0.0076836333282996163
leaf_weight=20 25 23 20 20 99 20 24 22 21 20
leaf_count=20 25 23 20 20 99 20 24 22 21 20
internal_value=0 -0.00097397 -0.00394272 -0.00721866 0.000358634 0.00141961 0.00188598 0.00288258 0.000650582 0.0049597
internal_weight=314 207 65 40 142 119 107 83 41 42
internal_count=314 207 65 40 142 119 107 83 41 42
is_linear=0
shrinkage=0.04


Tree=116
num_leaves=11
num_cat=0
split_feature=48 36 9 33 37 13 2 37 29 20
split_gain=0.342809 0.49627 0.881025 0.31346 0.329635 0.311615 0.21393 0.220351 0.170184 0.105798
threshold=23.500000000000004 9.997334199856363 58.634265965486847 0.71354166666666685 17.599839353132371 1.1586539728042997 0.49680629499530632 18.01487793157342 43.254422805000011 1.080124611956615
decision_type=2 2 2 2 2 2 2 2 2 2
left_child=6 2 -2 8 -5 -4 -1 9 -3 -8
right_child=1 3 5 4 -6 -7 7 -9 -10 -11
leaf_value=0.0052868256203953898 -0.009424851803012578 -0.0041751965767399387 0.0012574107464078633 0.0052424358686989541 -0.00038235109209934802 -0.0038215310212422011 -0.0027767098896053716 0.0038841247463606266 0.00047571895279494041 0.00095103492611551676
leaf_weight=24 25 21 47 37 28 32 22 25 28 25
leaf_count=24 25 21 47 37 28 32 22 25 28 25
internal_value=0 -0.000875697 -0.00288195 0.000920433 0.00276114 -0.000751544 0.00199178 0.000832139 -0.00144051 -0.000711132
internal_weight=314 218 104 114 65 79 96 72 49 47
internal_count=314 218 104 114 65 79 96 72 49 47
is_linear=0
shrinkage=0.04


Tree=117
num_leaves=7
num_cat=0
split_feature=39 51 50 13 16 2
split_gain=0.330211 0.481864 0.450872 0.335322 0.271803 0.0832814
threshold=5.5155652548329774 1.5268657886084471 1080.0000000000002 1.1755566116563134 2.5709215704647681 0.98522433132010367
decision_type=2 2 2 2 2 2
left_child=1 2 -1 -4 -3 -6
right_child=-2 4 3 -5 5 -7
leaf_value=-0.0070446630774890599 0.0047160965295264083 0.0064163963733917442 0.00015719652273841228 -0.0037461821757310675 -0.00091994511406042726 0.0021859407066324044
leaf_weight=20 22 20 153 45 22 32
leaf_count=20 22 20 153 45 22 32
internal_value=0 -0.000354934 -0.00131354 -0.000711186 0.00241306 0.000847281
internal_weight=314 292 218 198 74 54
internal_count=314 292 218 198 74 54
is_linear=0
shrinkage=0.04


Tree=118
num_leaves=8
num_cat=0
split_feature=34 4 20 43 44 32 33
split_gain=0.320789 0.936823 0.367471 0.30246 0.386559 0.292133 0.275654
threshold=16.839583697153675 0.37416481893916576 0.77549706282360786 1.8241973149504651 0.19285753644395193 -0.035310521646058045 0.96922348484848497
decision_type=2 2 2 2 2 10 2
left_child=1 -1 -3 4 -2 -4 -6
right_child=3 2 5 -5 6 -7 -8
leaf_value=-0.0096318053843370121 -0.0040253665498408133 -0.0043661029414251784 -0.00039172447987438478 0.0052616239463851456 0.00016512404397436183 0.0057685727533416369 0.0040843836445175613
leaf_weight=20 28 20 29 22 138 20 37
leaf_count=20 28 20 29 22 138 20 37
internal_value=0 -0.00202928 0.000127214 0.000806323 0.000301435 0.00204784 0.00101847
internal_weight=314 89 69 225 203 49 175
internal_count=314 89 69 225 203 49 175
is_linear=0
shrinkage=0.04


Tree=119
num_leaves=5
num_cat=0
split_feature=48 42 43 43
split_gain=0.327631 0.236559 0.255531 0.204197
threshold=31.500000000000004 1.8048419236709041 1.6863867126115235 0.98671547403467641
decision_type=2 2 2 2
left_child=1 2 3 -1
right_child=-2 -3 -4 -5
leaf_value=0.0030870763875565921 -0.0045831761731729877 -0.0037909791598198421 0.0039889082128007607 -0.00024780943226808432
leaf_weight=34 23 20 33 204
leaf_count=34 23 20 33 204
internal_value=0 0.000365942 0.000688765 0.0002129
internal_weight=314 291 271 238
internal_count=314 291 271 238
is_linear=0
shrinkage=0.04


Tree=120
num_leaves=11
num_cat=0
split_feature=48 36 34 44 33 20 2 5 29 30
split_gain=0.314294 0.445273 0.809112 0.396194 0.278726 0.31863 0.194821 0.220723 0.150782 0.104101
threshold=23.500000000000004 9.997334199856363 16.639208568649867 0.24193559313919652 0.71354166666666685 0.96366494082840248 0.49680629499530632 7.99741052224954 43.254422805000011 51.862068965000006
decision_type=2 2 2 2 2 2 2 2 2 2
left_child=6 2 -2 -4 8 -6 -1 -8 -3 -9
right_child=1 4 3 -5 5 -7 7 9 -10 -11
leaf_value=0.0050534452328698026 -0.0088480527225125345 -0.0039367542899615389 -0.0044788896462140985 0.0014302233730950772 0.0060261860683960009 0.00020166575236965322 -0.0016669698843846271 0.0048482122439057074 0.0004342098778040808 0.00056397789462482757
leaf_weight=24 26 21 28 50 26 39 31 20 28 21
leaf_count=24 26 21 28 50 26 39 31 20 28 21
internal_value=0 -0.000838296 -0.00273907 -0.000642799 0.000861563 0.0025986 0.00190733 0.00079759 -0.0013618 0.00275788
internal_weight=314 218 104 78 114 65 96 72 49 41
internal_count=314 218 104 78 114 65 96 72 49 41
is_linear=0
shrinkage=0.04


Tree=121
num_leaves=6
num_cat=0
split_feature=11 34 13 13 32
split_gain=0.303213 0.331729 0.29022 0.361432 0.30692
threshold=0.045274044994715358 26.189352562749711 1.1755566116563134 1.3965704439257476 0.031994459401717405
decision_type=2 2 2 2 8
left_child=-1 2 4 -4 -2
right_child=1 -3 3 -5 -6
leaf_value=-0.0036807195032218533 0.0015799535752485259 0.0053756295811774124 -0.0057236562746169305 0.00047854306080387875 -0.0021654681330905748
leaf_weight=32 160 20 28 30 44
leaf_count=32 160 20 28 30 44
internal_value=0 0.000422095 2.67945e-05 -0.00245147 0.000751854
internal_weight=314 282 262 58 204
internal_count=314 282 262 58 204
is_linear=0
shrinkage=0.04


Tree=122
num_leaves=6
num_cat=0
split_feature=0 45 36 30 50
split_gain=0.300624 0.324214 0.343518 0.751871 0.236871
threshold=0.016335681262012802 0.032773334640499356 9.997334199856363 41.763565895000006 2734.5000000000005
decision_type=10 2 2 2 2
left_child=-1 -2 3 -3 -4
right_child=1 2 4 -5 -6
leaf_value=-0.0047300280743181253 0.0047736984532311001 -0.0083993272528861442 0.00048661504849859693 -7.8147398967741544e-05 0.0051791804302391119
leaf_weight=20 24 22 142 86 20
leaf_count=20 24 22 142 86 20
internal_value=0 0.000326222 -5.59204e-05 -0.00181641 0.00109346
internal_weight=314 294 270 108 162
internal_count=314 294 270 108 162
is_linear=0
shrinkage=0.04


Tree=123
num_leaves=9
num_cat=0
split_feature=32 13 44 17 32 5 36 40
split_gain=0.296438 0.3828 0.413906 0.379086 0.327106 0.277527 0.219443 0.0924195
threshold=-0.08379263848396494 1.1755566116563134 0.226358255222641 1.1042027084237103 0.031994459401717405 8.2730715314824206 21.141242485553345 2.2028848027908059
decision_type=10 2 2 2 10 2 2 2
left_child=3 4 -3 -1 5 -2 -6 -4
right_child=1 2 7 -5 6 -7 -8 -9
leaf_value=-0.0067526416821042864 0.00079036116577622126 -0.0062995036632688206 0.0020585982670071976 0.00043282963561289237 -0.003155179739507854 0.0043692883300448246 0.0019360300375951972 -0.0016653298499498201
leaf_weight=22 83 24 22 23 35 64 21 20
leaf_count=22 83 24 22 23 35 64 21 20
internal_value=0 0.000505603 -0.00211492 -0.00299856 0.00137791 0.00237764 -0.00117463 0.000190544
internal_weight=314 269 66 45 203 147 56 42
internal_count=314 269 66 45 203 147 56 42
is_linear=0
shrinkage=0.04


Tree=124
num_leaves=7
num_cat=0
split_feature=39 51 48 19 16 20
split_gain=0.294254 0.392378 0.770947 0.253451 0.247205 0.0768662
threshold=5.5155652548329774 1.5268657886084471 29.500000000000004 1.174156253276742 2.5709215704647681 1.1960599471540243
decision_type=2 2 2 2 2 2
left_child=1 2 3 -1 -3 -6
right_child=-2 4 -4 -5 5 -7
leaf_value=0.00014241669613788372 0.0044531879712283876 0.0059759023615080318 -0.0079549962377052034 -0.0044850475814246452 0.0021064566726447481 -0.00084521048086365141
leaf_weight=173 22 20 24 21 29 25
leaf_count=173 22 20 24 21 29 25
internal_value=0 -0.000333786 -0.0011999 -0.000339939 0.00216193 0.000666971
internal_weight=314 292 218 194 74 54
internal_count=314 292 218 194 74 54
is_linear=0
shrinkage=0.04


Tree=125
num_leaves=7
num_cat=0
split_feature=50 11 19 8 33 37
split_gain=0.281594 0.457735 0.27056 0.241366 0.216071 0.146998
threshold=2794.0000000000005 0.045274044994715358 0.9741246760093133 1.2819551762580252 0.96225071225071235 14.71700097956276
decision_type=2 2 2 2 2 2
left_child=1 -1 4 -4 -3 -2
right_child=5 2 3 -5 -6 -7
leaf_value=-0.0060657650486848468 -2.5706708069835123e-05 0.0012035570411063029 -0.0060141138650884676 -0.00034318239523693263 -0.003158907947403874 0.004037596987826483
leaf_weight=22 20 161 20 34 20 37
leaf_count=22 20 161 20 34 20 37
internal_value=0 -0.000561029 -2.63174e-05 -0.0025247 0.000697951 0.00254428
internal_weight=314 257 235 54 181 57
internal_count=314 257 235 54 181 57
is_linear=0
shrinkage=0.04


Tree=126
num_leaves=11
num_cat=0
split_feature=48 42 32 21 28 19 2 37 2 20
split_gain=0.278965 0.37575 0.409779 0.732068 0.386012 0.332466 0.185175 0.181238 0.108495 0.0839271
threshold=23.500000000000004 1.3228325866596953 -0.0060115666811516493 0.44668581509357025 38.06273946000001 0.46466994039809578 0.49680629499530632 18.01487793157342 1.0211986681465042 1.080124611956615
decision_type=2 2 8 2 2 2 2 2 2 2
left_child=6 5 4 -4 -3 -2 -1 9 -7 -8
right_child=1 2 3 -5 -6 8 7 -9 -10 -11
leaf_value=0.0048625377006442337 0.0050990381996750371 -0.0046588676169986637 -0.0095875436650282239 -0.00054322033858369176 0.0015465922285634352 -0.0023996242342895486 -0.0025214335816486724 0.0034861713716114657 0.001223692166158313 0.00078610112883180264
leaf_weight=24 26 22 26 34 58 24 22 25 28 25
leaf_count=24 26 22 26 34 58 24 22 25 28 25
internal_value=0 -0.000789651 -0.00204042 -0.00453841 -0.000113658 0.00140384 0.00179706 0.000714429 -0.000373228 -0.000679247
internal_weight=314 218 140 60 80 78 96 72 52 47
internal_count=314 218 140 60 80 78 96 72 52 47
is_linear=0
shrinkage=0.04


Tree=127
num_leaves=5
num_cat=0
split_feature=48 36 42 43
split_gain=0.262439 0.200805 0.237699 0.269927
threshold=31.500000000000004 3.2270661157024798 1.7761467400505062 1.6863867126115235
decision_type=2 2 2 2
left_child=1 -1 3 -3
right_child=-2 2 -4 -5
leaf_value=0.0038246012398687134 -0.0041018673893693201 -8.4418164391773215e-05 -0.0041709260711103521 0.0042025079495377005
leaf_weight=24 23 221 20 26
leaf_count=24 23 221 20 26
internal_value=0 0.000327578 0 0.000352168
internal_weight=314 291 267 247
internal_count=314 291 267 247
is_linear=0
shrinkage=0.04


Tree=128
num_leaves=6
num_cat=0
split_feature=39 13 44 11 2
split_gain=0.266845 0.331787 0.509062 0.321032 0.265176
threshold=5.5155652548329774 1.1755566116563134 0.23757912833648073 0.045274044994715358 0.5402702702702703
decision_type=2 2 2 2 2
left_child=1 3 -3 -1 -5
right_child=-2 2 -4 4 -6
leaf_value=-0.0040939121045075449 0.0042392848895618273 -0.0076347717694389876 0 0.0034341940000774665 4.6789052621051344e-05
leaf_weight=23 22 23 37 49 160
leaf_count=23 22 23 37 49 160
internal_value=0 -0.000319305 -0.0029752 0.000351316 0.000861357
internal_weight=314 292 60 232 209
internal_count=314 292 60 232 209
is_linear=0
shrinkage=0.04


Tree=129
num_leaves=7
num_cat=0
split_feature=32 40 17 30 32 10
split_gain=0.272749 0.340142 0.334117 0.222696 0.474804 0.203206
threshold=-0.08379263848396494 0.92648227626768398 1.1042027084237103 41.042780750000013 1.0000000180025095e-35 5.2280566717686563
decision_type=10 2 2 2 10 2
left_child=2 -2 -1 4 -3 -5
right_child=1 3 -4 5 -6 -7
leaf_value=-0.0064007058699206525 0.0039877788861357941 0.0010116408110835457 0.00033279448618620504 0.00011824750760957927 -0.0052964830835830114 0.0041494405180258339
leaf_weight=22 38 40 23 132 35 24
leaf_count=22 38 40 23 132 35 24
internal_value=0 0.000483897 -0.00287734 -7.6667e-05 -0.00188202 0.000766317
internal_weight=314 269 45 231 75 156
internal_count=314 269 45 231 75 156
is_linear=0
shrinkage=0.04


Tree=130
num_leaves=9
num_cat=0
split_feature=34 4 20 32 50 17 20 25
split_gain=0.258684 0.741211 0.315923 0.24883 0.239599 0.23831 0.278399 0.0997182
threshold=16.839583697153675 0.37416481893916576 0.77549706282360786 -0.035310521646058045 2867.0000000000005 0.20854511027911601 0.93451433121019112 0.060946320510489461
decision_type=2 2 2 10 2 2 2 2
left_child=1 -1 -3 -4 5 -2 -7 -6
right_child=4 2 3 -5 7 6 -8 -9
leaf_value=-0.0085836852916437601 -0.003272352685283511 -0.0040721224038977521 -0.0003662136266219247 0.0053110482580774453 0.005588653145441368 0.0025879797055982008 -0.00077189852051982063 0.0012569661749832664
leaf_weight=20 28 20 29 20 20 71 86 20
leaf_count=20 28 20 29 20 20 71 86 20
internal_value=0 -0.0018214 9.03848e-05 0.00187567 0.000724961 9.50394e-05 0.000722756 0.0035311
internal_weight=314 89 69 49 225 185 157 40
internal_count=314 89 69 49 225 185 157 40
is_linear=0
shrinkage=0.04


Tree=131
num_leaves=9
num_cat=0
split_feature=48 0 42 19 45 2 37 54
split_gain=0.25237 0.366038 0.32967 0.389145 0.355622 0.166199 0.16332 0.0816711
threshold=23.500000000000004 0.027052998905660656 1.3272913256955812 0.46466994039809578 0.044674134685768058 0.49680629499530632 18.01487793157342 1.0000000180025095e-35
decision_type=2 10 2 2 2 2 2 2
left_child=5 -2 3 -3 -4 -1 7 -7
right_child=1 2 4 -5 -6 6 -8 -9
leaf_value=0.0046160265344535132 -0.005404730712283882 0.0064003867827928974 0.0030964451654059851 0 -0.0024489392086027083 0.0011698116916254977 0.0033132052095050353 -0.0021249659085900582
leaf_weight=24 24 22 22 49 101 20 25 27
leaf_count=24 24 22 22 49 101 20 25 27
internal_value=0 -0.000750286 -0.000151383 0.00199399 -0.00142288 0.00171003 0.000680833 -0.0006385
internal_weight=314 218 194 71 123 96 72 47
internal_count=314 218 194 71 123 96 72 47
is_linear=0
shrinkage=0.04


Tree=132
num_leaves=6
num_cat=0
split_feature=32 40 21 39 13
split_gain=0.243089 0.31439 0.304829 0.281275 0.353338
threshold=-0.08379263848396494 0.71446866103010975 1.1133696171503356 5.5155652548329774 1.1755566116563134
decision_type=10 2 2 2 2
left_child=2 -2 -1 4 -3
right_child=1 3 -4 -5 -6
leaf_value=-0.0060811850728627239 0.0047219898293455282 0.00051547896802147275 0.00034517200187945263 0.0044340339905948713 -0.0031216106324370193
leaf_weight=22 25 166 23 21 57
leaf_count=22 25 166 23 21 57
internal_value=0 0.000458778 -0.00271443 3.83124e-06 -0.000397234
internal_weight=314 269 45 244 223
internal_count=314 269 45 244 223
is_linear=0
shrinkage=0.04


Tree=133
num_leaves=6
num_cat=0
split_feature=50 22 2 35 24
split_gain=0.237546 0.198764 0.270178 0.425586 0.315312
threshold=1080.0000000000002 2.5464900844026626 0.49680629499530632 11.147712442766744 0.68807018834608613
decision_type=2 2 2 2 2
left_child=-1 2 4 -4 -2
right_child=1 -3 3 -5 -6
leaf_value=-0.0032009253774704888 0.0046346386372456408 0.0037802271598363774 -0.0048011989352946061 0.00012672907448152442 -0.00057172182455790001
leaf_weight=33 38 25 34 150 34
leaf_count=33 38 25 34 150 34
internal_value=0 0.000381604 3.27418e-05 -0.000764252 0.00212322
internal_weight=314 281 256 184 72
internal_count=314 281 256 184 72
is_linear=0
shrinkage=0.04


Tree=134
num_leaves=9
num_cat=0
split_feature=48 0 42 45 5 33 44 50
split_gain=0.235969 0.331912 0.29864 0.319424 0.188413 0.118859 0.0853457 0.0992191
threshold=23.500000000000004 0.027052998905660656 1.3272913256955812 0.044674134685768058 11.066588730418518 0.8973684210526317 0.27309585363682776 1682.0000000000002
decision_type=2 10 2 2 2 2 2 2
left_child=5 -2 4 -4 -3 6 -1 -8
right_child=1 2 3 -5 -6 -7 7 -9
leaf_value=-0.00049475482184747682 -0.0051563090418322447 0.00012668303953021281 0.0029152278010459503 -0.0023367344328507683 0.004441449297492614 0.004442200112105602 0.0041345538471394506 2.7540494727579798e-06
leaf_weight=35 24 43 22 101 28 20 20 21
leaf_count=35 24 43 22 101 28 20 20 21
internal_value=0 -0.000723611 -0.000152254 -0.00136326 0.00188839 0.00165541 0.000864609 0.00212075
internal_weight=314 218 194 123 71 96 76 41
internal_count=314 218 194 123 71 96 76 41
is_linear=0
shrinkage=0.04


Tree=135
num_leaves=6
num_cat=0
split_feature=32 13 47 5 48
split_gain=0.226485 0.27509 0.234054 0.312345 0.238832
threshold=-0.10363320053276683 0.24114353397221924 0.80263157894736847 10.252145308924488 21.500000000000004
decision_type=10 2 2 2 2
left_child=-1 -2 4 -4 -3
right_child=1 2 3 -5 -6
leaf_value=-0.0029752016778638031 0.0041455932804698196 0.0026028979048787473 0 0.0057748740008383079 -0.0013675284364533474
leaf_weight=36 28 28 41 23 158
leaf_count=36 28 28 41 23 158
internal_value=0 0.000392419 -1.34319e-05 0.00205469 -0.000747259
internal_weight=314 278 250 64 186
internal_count=314 278 250 64 186
is_linear=0
shrinkage=0.04


Tree=136
num_leaves=6
num_cat=0
split_feature=48 36 37 43 2
split_gain=0.223211 0.202711 0.209525 0.254786 0.224725
threshold=31.500000000000004 3.2270661157024798 13.723942786827326 1.5847864385545944 0.46544198668459175
decision_type=2 2 2 2 2
left_child=1 -1 4 -4 -3
right_child=-2 2 3 -5 -6
leaf_value=0.0038195553747357421 -0.0037789537722156159 0.00048487979547563953 0 0.0039298391030724023 -0.0043132215795695242
leaf_weight=24 23 27 176 31 33
leaf_count=24 23 27 176 31 33
internal_value=0 0.000306001 0 0.00059224 -0.00209031
internal_weight=314 291 267 207 60
internal_count=314 291 267 207 60
is_linear=0
shrinkage=0.04


Tree=137
num_leaves=12
num_cat=0
split_feature=33 5 25 20 20 36 4 38 13 43 11
split_gain=0.219952 0.30885 0.300824 0.387964 0.274059 0.283923 0.260726 0.130828 0.0822916 0.0820006 0.08066
threshold=0.73431372549019625 11.507690052244376 0.049369186550349456 0.81471484638939617 0.88758646614478309 10.496137803478856 0.4616328085131618 6.774542576398261 0.74398208334116311 1.3025578720643627 0.44706930010084028
decision_type=2 2 2 2 2 2 2 2 2 2 2
left_child=2 4 3 -1 5 -2 -6 -4 -3 -9 -5
right_child=1 8 7 10 6 -7 -8 9 -10 -11 -12
leaf_value=-0.0078809371368208925 8.9177511545882358e-05 0.0016926927087713756 0.0029476938554360162 0.00070196689954444549 -0.0048465659869735347 0.0056809445089702282 0.00013884455366475686 -0.0025984213659794651 0.0055384250585134923 0.00092789956586277898 -0.0026876993352606283
leaf_weight=20 58 21 24 20 28 20 38 20 23 20 22
leaf_count=20 58 21 24 20 28 20 38 20 23 20 22
internal_value=0 0.000872531 -0.00128655 -0.00328012 0 0.00157962 -0.0019198 0.00058443 0.00380167 -0.000737593 -0.000980727
internal_weight=314 188 126 62 144 78 66 64 44 40 42
internal_count=314 188 126 62 144 78 66 64 44 40 42
is_linear=0
shrinkage=0.04


Tree=138
num_leaves=9
num_cat=0
split_feature=32 4 25 48 21 23 7 31
split_gain=0.220557 0.575381 0.254514 0.273329 0.23999 0.312756 0.427749 0.167109
threshold=-0.0060115666811516493 0.30048622624383153 0.08276633636239096 24.500000000000004 0.30866085238266067 0.088800719457370267 33.928375096062702 6.8715277775000017
decision_type=8 2 2 2 2 2 2 2
left_child=4 -2 3 -3 -1 6 -6 -7
right_child=1 2 -4 -5 5 7 -8 -9
leaf_value=0.004043064931424453 -0.0053682697937870285 0.0014618260680466769 0.0037067971569984272 -0.0032349176825637732 -0.0045620896314795449 0.00079042851107376179 0.0013128939360933073 0.005419541581890625
leaf_weight=33 38 40 27 38 37 40 41 20
leaf_count=33 38 40 27 38 37 40 41 20
internal_value=0 -0.001151 0.000340847 -0.000776327 0.000976977 0.000212421 -0.00142501 0.00240647
internal_weight=314 143 105 78 171 138 78 60
internal_count=314 143 105 78 171 138 78 60
is_linear=0
shrinkage=0.04


Tree=139
num_leaves=6
num_cat=0
split_feature=0 45 36 30 25
split_gain=0.21402 0.283072 0.281169 0.471392 0.195821
threshold=0.016335681262012802 0.032773334640499356 9.997334199856363 41.763565895000006 0.051546408661266162
decision_type=10 2 2 2 2
left_child=-1 -2 3 -3 -4
right_child=1 2 4 -5 -6
leaf_value=-0.0039841011641037396 0.0044386674145321624 -0.006886967851599147 -0.00016494788151120789 -0.0002799041909396213 0.0026221432992924792
leaf_weight=20 24 22 95 86 67
leaf_count=20 24 22 95 86 67
internal_value=0 0.000281977 -7.42039e-05 -0.00166792 0.000963968
internal_weight=314 294 270 108 162
internal_count=314 294 270 108 162
is_linear=0
shrinkage=0.04


Tree=140
num_leaves=6
num_cat=0
split_feature=32 40 4 9 2
split_gain=0.204873 0.21318 0.236054 0.321528 0.172501
threshold=-0.10898706411698533 0.71446866103010975 0.92716775209913427 58.634265965486847 1.3419391698379697
decision_type=10 2 2 2 2
left_child=-1 -2 3 -3 -4
right_child=1 2 4 -5 -6
leaf_value=-0.0029688526175387225 0.0037304894780100929 -0.0027733454367525469 0.003716771937813842 0.00057498680673027448 -0.00048908441871791687
leaf_weight=33 27 74 40 117 23
leaf_count=33 27 74 40 117 23
internal_value=0 0.000358118 0 -0.000702114 0.00211957
internal_weight=314 281 254 191 63
internal_count=314 281 254 191 63
is_linear=0
shrinkage=0.04


Tree=141
num_leaves=5
num_cat=0
split_feature=50 22 45 7
split_gain=0.202638 0.175301 0.215061 0.214131
threshold=1080.0000000000002 2.5464900844026626 0.032773334640499356 41.337285883474401
decision_type=2 2 2 2
left_child=-1 2 -2 -4
right_child=1 -3 3 -5
leaf_value=-0.0029528626081536543 0.0029033729289026306 0.0035476254835071792 -0.0012569801014739874 0.0014507181027202493
leaf_weight=33 36 25 154 66
leaf_count=33 36 25 154 66
internal_value=0 0.00035592 2.73471e-05 -0.000426207
internal_weight=314 281 256 220
internal_count=314 281 256 220
is_linear=0
shrinkage=0.04


Tree=142
num_leaves=9
num_cat=0
split_feature=32 22 7 48 21 23 7 31
split_gain=0.204073 0.555363 0.333552 0.23669 0.211356 0.282114 0.367753 0.150066
threshold=-0.0060115666811516493 0.44060972102387119 45.551627241546122 25.500000000000004 0.30866085238266067 0.088800719457370267 33.928375096062702 6.7919871795000004
decision_type=8 2 2 2 2 2 2 2
left_child=4 -2 3 -3 -1 6 -6 -7
right_child=1 2 -4 -5 5 7 -8 -9
leaf_value=0.0038184154188975108 -0.006938477289058032 0.00077018014174264592 0.0046633784665693684 -0.0030674971925636514 -0.0042432869285987714 0.00035868402289119736 0.0011999459992505048 0.0045260746596979037
leaf_weight=33 22 54 20 47 37 33 41 27
leaf_count=33 22 54 20 47 37 33 41 27
internal_value=0 -0.00110705 -8.90557e-06 -0.000977373 0.000939862 0.000220282 -0.00133301 0.00230498
internal_weight=314 143 121 101 171 138 78 60
internal_count=314 143 121 101 171 138 78 60
is_linear=0
shrinkage=0.04


Tree=143
num_leaves=6
num_cat=0
split_feature=11 34 2 35 31
split_gain=0.197631 0.235946 0.206778 0.36233 0.227038
threshold=0.045274044994715358 26.189352562749711 0.49680629499530632 11.147712442766744 6.7522281640000008
decision_type=2 2 2 2 2
left_child=-1 2 4 -4 -2
right_child=1 -3 3 -5 -6
leaf_value=-0.002964987756994138 0.0046389830501628497 0.0045246369091432479 -0.0042705934869916177 0.00017547736908563757 -0.00028235028673533443
leaf_weight=32 29 20 35 170 28
leaf_count=32 29 20 35 170 28
internal_value=0 0.00034724 1.14889e-05 -0.000565817 0.00215517
internal_weight=314 282 262 205 57
internal_count=314 282 262 205 57
is_linear=0
shrinkage=0.04


Tree=144
num_leaves=6
num_cat=0
split_feature=0 45 36 8 22
split_gain=0.197016 0.244212 0.254978 0.433008 0.232955
threshold=0.016335681262012802 0.032773334640499356 9.997334199856363 1.1066767467770176 1.0821131195957727
decision_type=10 2 2 2 2
left_child=-1 -2 3 -3 -4
right_child=1 2 4 -5 -6
leaf_value=-0.0038227357296504783 0.0041310663873723921 -0.0068855090059377067 0.0043992245585525629 -0.00031976898286436661 0.00023295596941982582
leaf_weight=20 24 20 26 88 136
leaf_count=20 24 20 26 88 136
internal_value=0 0.000270362 -5.94051e-05 -0.00157789 0.000928594
internal_weight=314 294 270 108 162
internal_count=314 294 270 108 162
is_linear=0
shrinkage=0.04


Tree=145
num_leaves=8
num_cat=0
split_feature=32 13 8 48 32 18 17
split_gain=0.198042 0.284557 0.252766 0.232432 0.188389 0.154602 0.105407
threshold=0.05342811577531336 1.1755566116563134 1.5794133873461786 25.500000000000004 -0.08379263848396494 7.1429907563484436 1.169978334135773
decision_type=8 2 2 2 10 2 2
left_child=1 4 -3 -2 6 -6 -1
right_child=3 2 -4 -5 5 -7 -8
leaf_value=-0.00328429287540453 0.0003402198577064207 -0.0054558154711526283 0 -0.0048224770324476534 0.0050749976692888964 0.00129440028381286 0.00069100366395652587
leaf_weight=20 26 21 39 27 21 140 20
leaf_count=20 26 21 39 27 21 140 20
internal_value=0 0.00046101 -0.001929 -0.00221863 0.00119494 0.0018152 -0.00120013
internal_weight=314 261 60 53 201 161 40
internal_count=314 261 60 53 201 161 40
is_linear=0
shrinkage=0.04


Tree=146
num_leaves=7
num_cat=0
split_feature=11 19 39 10 8 50
split_gain=0.191411 0.188906 0.231389 0.248006 0.196131 0.108019
threshold=1.0000000180025095e-35 0.9741246760093133 5.1765706370052937 4.3040726472206945 1.2452313027912962 2054.5000000000005
decision_type=2 2 2 2 2 2
left_child=-1 2 3 -2 -3 -6
right_child=1 4 -4 -5 5 -7
leaf_value=-0.0036713804583555143 0.0011898961797061581 -0.0048889242026454475 0.0049485142432635102 -0.0020739495170277516 -0.0019147393669918236 0.0019589297360436044
leaf_weight=21 159 20 20 48 25 21
leaf_count=21 159 20 20 48 25 21
internal_value=0 0.000273036 0.000832323 0.000413112 -0.00158841 -5.9144e-05
internal_weight=314 293 227 207 66 46
internal_count=314 293 227 207 66 46
is_linear=0
shrinkage=0.04


Tree=147
num_leaves=5
num_cat=0
split_feature=48 36 42 43
split_gain=0.193356 0.158978 0.161526 0.242873
threshold=31.500000000000004 3.2270661157024798 1.7761467400505062 1.6863867126115235
decision_type=2 2 2 2
left_child=1 -1 3 -3
right_child=-2 2 -4 -5
leaf_value=0.0033982244773895411 -0.0035151497200453948 -0.00012699268621791315 -0.0034422850511523322 0.0039406567110440967
leaf_weight=24 23 221 20 26
leaf_count=24 23 221 20 26
internal_value=0 0.000286775 0 0.000286415
internal_weight=314 291 267 247
internal_count=314 291 267 247
is_linear=0
shrinkage=0.04


Tree=148
num_leaves=5
num_cat=0
split_feature=45 45 40 4
split_gain=0.184813 0.200227 0.182238 0.264734
threshold=0.018544408557988955 0.033360328561060908 0.74762073739931301 0.97664835164835173
decision_type=2 2 2 2
left_child=-1 -2 -3 -4
right_child=1 2 3 -5
leaf_value=-0.0032165709663168219 0.0040496030978646605 0.0027801006375122645 -0.0012213357683286275 0.001798498788213862
leaf_weight=26 21 33 171 63
leaf_count=26 21 33 171 63
internal_value=0 0.000298447 0 -0.000390796
internal_weight=314 288 267 234
internal_count=314 288 267 234
is_linear=0
shrinkage=0.04


Tree=149
num_leaves=6
num_cat=0
split_feature=50 48 45 15 15
split_gain=0.184887 0.317114 0.138243 0.135953 0.217845
threshold=2867.0000000000005 30.500000000000004 0.071296799288596363 0.35378243961677336 0.67969600508036809
decision_type=2 2 2 2 2
left_child=1 3 -2 -1 -5
right_child=2 -3 -4 4 -6
leaf_value=-0.0028422560165655558 0.00023366021155637456 -0.0049940827249536687 0.0047282448022568958 0.0027758274151420386 -0.00030482749335520237
leaf_weight=24 27 22 21 46 174
leaf_count=24 27 22 21 46 174
internal_value=0 -0.000405759 0.00228894 0 0.000322104
internal_weight=314 266 48 244 220
internal_count=314 266 48 244 220
is_linear=0
shrinkage=0.04


Tree=150
num_leaves=5
num_cat=0
split_feature=4 48 18 14
split_gain=0.186096 0.423939 0.175135 0.172254
threshold=0.090457209610794467 30.500000000000004 7.622009178311095 1.9372830828678087
decision_type=2 2 2 2
left_child=-1 2 -2 -4
right_child=1 -3 3 -5
leaf_value=0.0037301111532681021 0.0034227362939801948 -0.0057160534134125815 0.00069691986376221112 -0.0014472556263011036
leaf_weight=20 24 21 150 99
leaf_count=20 24 21 150 99
internal_value=0 -0.000247998 0.000159914 -0.000139765
internal_weight=314 294 273 249
internal_count=314 294 273 249
is_linear=0
shrinkage=0.04


Tree=151
num_leaves=6
num_cat=0
split_feature=32 13 47 5 50
split_gain=0.185439 0.227117 0.189604 0.235189 0.181638
threshold=-0.10898706411698533 0.24114353397221924 0.80263157894736847 10.252145308924488 1898.0000000000002
decision_type=10 2 2 2 2
left_child=-1 -2 4 -4 -3
right_child=1 2 3 -5 -6
leaf_value=-0.0028250542879836166 0.0037529860057758692 0.00017183821166726681 0 0.0050684835958935606 -0.0024321973923646894
leaf_weight=33 28 126 41 23 63
leaf_count=33 28 126 41 23 63
internal_value=0 0.000340198 -2.30318e-05 0.00184046 -0.000675848
internal_weight=314 281 253 64 189
internal_count=314 281 253 64 189
is_linear=0
shrinkage=0.04


Tree=152
num_leaves=8
num_cat=0
split_feature=32 19 51 8 39 31 4
split_gain=0.186415 0.227092 0.177407 0.306066 0.441815 0.336899 0.142371
threshold=0.05342811577531336 0.71818417497850973 1.5268657886084471 1.0099526876304241 4.2399922175203084 6.7802144245000013 0.72653958944281538
decision_type=8 2 2 2 2 2 2
left_child=2 -2 3 4 -1 -5 -4
right_child=1 -3 6 5 -6 -7 -8
leaf_value=0 9.7465625999309751e-05 -0.0050280448213157808 0.0040028021066645927 0.003765384920634593 -0.0065655534986128316 -0.00045443924575586179 0
leaf_weight=55 29 24 35 48 24 78 21
leaf_count=55 29 24 35 48 24 78 21
internal_value=0 -0.00215329 0.000446517 -8.00613e-05 -0.0020486 0.0011231 0.00244218
internal_weight=314 53 261 205 79 126 56
internal_count=314 53 261 205 79 126 56
is_linear=0
shrinkage=0.04


Tree=153
num_leaves=6
num_cat=0
split_feature=11 34 2 2 43
split_gain=0.182173 0.217386 0.171188 0.402118 0.314833
threshold=0.045274044994715358 26.189352562749711 0.5402702702702703 0.66641993584998771 1.4752204894573919
decision_type=2 2 2 2 2
left_child=-1 2 4 -4 -2
right_child=1 -3 3 -5 -6
leaf_value=-0.0028493393173098934 -0.00048046131751367026 0.0043404054825208075 -0.005188287846829699 0.00012116535043453215 0.0051090688497597882
leaf_weight=32 37 20 26 172 27
leaf_count=32 37 20 26 172 27
internal_value=0 0.000330773 7.89353e-06 -0.000558111 0.00181951
internal_weight=314 282 262 198 64
internal_count=314 282 262 198 64
is_linear=0
shrinkage=0.04


Tree=154
num_leaves=9
num_cat=0
split_feature=32 4 25 48 13 21 9 20
split_gain=0.176968 0.45317 0.212034 0.208943 0.178672 0.230736 0.238396 0.153116
threshold=-0.0060115666811516493 0.30048622624383153 0.08276633636239096 24.500000000000004 0.52432126696832593 0.30866085238266067 63.005344418052253 0.96366494082840248
decision_type=8 2 2 2 2 2 2 2
left_child=4 -2 3 -3 7 -6 -7 -1
right_child=1 2 -4 -5 5 6 -8 -9
leaf_value=0.0056281073687978042 -0.0047755201203929475 0.0012183437096953689 0.0033628402842806708 -0.0028811252469152916 0.0030771501301679501 -0.0028374084142109234 0.0012307818182302217 0.00090794212311704283
leaf_weight=20 38 40 27 38 30 50 41 30
leaf_count=20 38 40 27 38 30 50 41 30
internal_value=0 -0.00103235 0.000287514 -0.000728749 0.0008738 8.69686e-06 -0.000961241 0.00288331
internal_weight=314 143 105 78 171 121 91 50
internal_count=314 143 105 78 171 121 91 50
is_linear=0
shrinkage=0.04


Tree=155
num_leaves=5
num_cat=0
split_feature=4 48 18 11
split_gain=0.173948 0.3845 0.15256 0.168911
threshold=0.090457209610794467 30.500000000000004 7.622009178311095 0.10824693058078851
decision_type=2 2 2 2
left_child=-1 2 -2 -4
right_child=1 -3 3 -5
leaf_value=0.0036070358538212465 0.0031945012426351604 -0.0054466732404243323 -0.0026709270478842825 0.00028185154536432191
leaf_weight=20 24 21 36 213
leaf_count=20 24 21 36 213
internal_value=0 -0.000239018 0.000148772 -0.000129899
internal_weight=314 294 273 249
internal_count=314 294 273 249
is_linear=0
shrinkage=0.04


Tree=156
num_leaves=8
num_cat=0
split_feature=33 29 25 20 6 51 19
split_gain=0.179539 0.298453 0.238974 0.357279 0.187043 0.21653 0.113402
threshold=0.71354166666666685 41.277173915000006 0.049369186550349456 0.87183744180171086 25.339643498294645 1.2230473500388932 0.57262635794002759
decision_type=2 2 2 2 2 2 2
left_child=2 -2 3 -1 5 -3 -4
right_child=1 4 6 -5 -6 -7 -8
leaf_value=-0.0072354646207173278 0.005134508491776108 0.0017633071906135941 -0.0015467995191881766 -0.00057448651199793876 0.0033788871207085258 -0.0014500186724238679 0.0019558419043667757
leaf_weight=21 22 50 24 37 25 99 36
leaf_count=21 22 50 24 37 25 99 36
internal_value=0 0.000749248 -0.00122484 -0.00306337 0.000169184 -0.000344434 0.000487987
internal_weight=314 196 118 58 174 149 60
internal_count=314 196 118 58 174 149 60
is_linear=0
shrinkage=0.04


Tree=157
num_leaves=8
num_cat=0
split_feature=32 13 44 24 31 24 49
split_gain=0.171408 0.236122 0.21628 0.205213 0.175937 0.164292 0.141103
threshold=0.05342811577531336 1.1755566116563134 0.226358255222641 0.22181146961508677 6.8533437830000006 0.090456738345171969 12.500000000000002
decision_type=8 2 2 2 2 2 2
left_child=1 4 -3 -2 5 -1 -6
right_child=3 2 -4 -5 6 -7 -8
leaf_value=-0.0022678908941087422 0 -0.0048941072727220628 0 -0.0050099531266147189 0.0013974420131604415 0.0010285667563256029 0.0055726604533527417
leaf_weight=31 31 22 38 22 44 105 21
leaf_count=31 31 22 38 22 44 105 21
internal_value=0 0.000428278 -0.00174639 -0.00206468 0.00109787 0.000246664 0.00281429
internal_weight=314 261 60 53 201 136 65
internal_count=314 261 60 53 201 136 65
is_linear=0
shrinkage=0.04


Tree=158
num_leaves=8
num_cat=0
split_feature=11 19 43 20 51 37 30
split_gain=0.167663 0.162224 0.189927 0.245325 0.187231 0.182078 0.0901241
threshold=1.0000000180025095e-35 0.9741246760093133 1.5847864385545944 0.40254695703200055 1.0629335849579438 15.938809123588465 45.307917885000002
decision_type=2 2 2 2 2 2 2
left_child=-1 2 3 -2 -4 -3 -7
right_child=1 5 4 -5 -6 6 -8
leaf_value=-0.0034365491978647585 -0.0036412454457768113 -0.0045343993621838599 0.00056178836994398682 0.00075958425694521629 0.0060092883575615002 -0.0017773019603062499 0.0017952956058658084
leaf_weight=21 23 21 24 160 20 23 22
leaf_count=21 23 21 24 160 20 23 22
internal_value=0 0.00025509 0.000774207 0.000182942 0.00313664 -0.00146831 0
internal_weight=314 293 227 183 44 66 45
internal_count=314 293 227 183 44 66 45
is_linear=0
shrinkage=0.04


Tree=159
num_leaves=8
num_cat=0
split_feature=33 1 43 44 2 13 19
split_gain=0.167609 0.231215 0.206219 0.380125 0.20093 0.173527 0.162627
threshold=0.73431372549019625 0.028235490784163802 1.7299650681679444 0.21889369119259258 1.3419391698379697 0.39035201166317873 0.95617170159136233
decision_type=2 2 2 2 2 2 2
left_child=1 -1 3 -2 5 -3 -5
right_child=2 4 -4 6 -6 -7 -8
leaf_value=-0.0050699349003496454 -0.0043377546626007903 0.0038376931182298613 0.0046058135340685267 0.0017704565298025841 -0.0030639072977174131 -0.00039187581070084231 -0.0015206057169951522
leaf_weight=20 24 21 20 115 31 54 29
leaf_count=20 24 21 20 115 31 54 29
internal_value=0 -0.00112148 0.000763248 0.000279536 -0.000334709 0.000742674 0.00107932
internal_weight=314 126 188 168 106 75 144
internal_count=314 126 188 168 106 75 144
is_linear=0
shrinkage=0.04


Tree=160
num_leaves=6
num_cat=0
split_feature=0 45 36 44 22
split_gain=0.164763 0.202139 0.210351 0.339752 0.201953
threshold=0.016335681262012802 0.032773334640499356 9.145040951673403 0.24038523274478332 0.84453286177424125
decision_type=10 2 2 2 2
left_child=-1 -2 3 -3 -4
right_child=1 2 4 -5 -6
leaf_value=-0.0034982142434339613 0.0037576370052916008 -0.0047184391532018996 0.004423292280655901 0.00020708162178647693 0.00021611306386773668
leaf_weight=20 24 35 21 58 156
leaf_count=20 24 35 21 58 156
internal_value=0 0.000244951 -5.37544e-05 -0.00160672 0.000740072
internal_weight=314 294 270 93 177
internal_count=314 294 270 93 177
is_linear=0
shrinkage=0.04


Tree=161
num_leaves=5
num_cat=0
split_feature=32 13 4 4
split_gain=0.161988 0.184843 0.164914 0.15075
threshold=-0.10898706411698533 0.24114353397221924 0.090457209610794467 0.92716775209913427
decision_type=10 2 2 2
left_child=-1 -2 -3 -4
right_child=1 2 3 -5
leaf_value=-0.0026404025068005768 0.003396404451521584 0.0034516135881196204 -0.00092993709681467903 0.0013952857107806527
leaf_weight=33 28 20 174 59
leaf_count=33 28 20 174 59
internal_value=0 0.00031795 -8.15184e-06 -0.000323641
internal_weight=314 281 253 233
internal_count=314 281 253 233
is_linear=0
shrinkage=0.04


Tree=162
num_leaves=6
num_cat=0
split_feature=31 43 44 36 49
split_gain=0.157686 0.183436 0.22251 0.278959 0.189856
threshold=6.5711538460000005 1.7538104030400674 0.226358255222641 11.534700363196126 30.500000000000004
decision_type=2 2 2 2 2
left_child=-1 2 3 -2 -4
right_child=1 -3 4 -5 -6
leaf_value=-0.003333096759861679 -0.0046929418068277868 0.0032083761461846457 4.6721430723532628e-05 0.00098898404661346877 0.0038469958626877717
leaf_weight=21 33 30 184 22 24
leaf_count=21 33 30 184 22 24
internal_value=0 0.000247036 -7.66469e-05 -0.00234991 0.000506074
internal_weight=314 293 263 55 208
internal_count=314 293 263 55 208
is_linear=0
shrinkage=0.04


Tree=163
num_leaves=7
num_cat=0
split_feature=39 36 48 22 31 45
split_gain=0.157965 0.227239 0.45724 0.200906 0.173473 0.157857
threshold=5.5155652548329774 9.997334199856363 28.500000000000004 1.0821131195957727 6.7409007355000012 0.032773334640499356
decision_type=2 2 2 2 2 2
left_child=1 2 5 -3 -5 -1
right_child=-2 3 -4 4 -6 -7
leaf_value=0.0019282635989010871 0.0032679337542082655 0.0041667092786290333 -0.0065698228044298304 -0.0015992025614871631 0.0013815997173736686 -0.0013187656379848379
leaf_weight=33 22 24 23 52 77 83
leaf_count=33 22 24 23 52 77 83
internal_value=0 -0.000239323 -0.00142003 0.00080745 0.000148744 -0.000359724
internal_weight=314 292 139 153 129 116
internal_count=314 292 139 153 129 116
is_linear=0
shrinkage=0.04


Tree=164
num_leaves=8
num_cat=0
split_feature=32 25 13 13 31 24 49
split_gain=0.162785 0.205557 0.203679 0.187578 0.154608 0.152548 0.124236
threshold=0.05342811577531336 0.042514849403982057 1.1755566116563134 1.5010894167574178 6.8533437830000006 0.090456738345171969 12.500000000000002
decision_type=8 2 2 2 2 2 2
left_child=2 -2 4 -4 5 -1 -6
right_child=1 -3 3 -5 6 -7 -8
leaf_value=-0.0021807646847231211 -0.0049599719795975746 0 -0.0032679555343125785 0.0013110098349133515 0.0013132759123668919 0.00099502143486412671 0.0052431039257919611
leaf_weight=31 22 31 39 21 44 105 21
leaf_count=31 22 31 39 21 44 105 21
internal_value=0 -0.00201126 0.000418174 -0.00159925 0.00104078 0.000240668 0.00265046
internal_weight=314 53 261 60 201 136 65
internal_count=314 53 261 60 201 136 65
is_linear=0
shrinkage=0.04


Tree=165
num_leaves=9
num_cat=0
split_feature=48 32 13 28 32 28 8 12
split_gain=0.155624 0.241218 0.219729 0.237483 0.227496 0.0812136 0.142653 0.127935
threshold=23.500000000000004 -0.08379263848396494 1.1586539728042997 54.959016395000006 0.031994459401717405 45.368782160000002 0.9049512077744033 1.0419373402659284
decision_type=2 10 2 2 10 2 2 2
left_child=5 -2 4 -4 -3 6 -1 -7
right_child=1 2 3 -5 -6 7 -8 -9
leaf_value=0 -0.0039746739912483696 0.0017095942707243848 -0.0054594021063609837 0.00013330100424958709 -0.0018405082581750571 0.0025262038183597778 0.0043553194854395244 -0.0017122316614535573
leaf_weight=22 29 104 22 24 39 20 28 26
leaf_count=22 29 104 22 24 39 20 28 26
internal_value=0 -0.000582753 -3.93196e-05 -0.00246074 0.000712822 0.00134919 0.00246646 4.52809e-05
internal_weight=314 218 189 46 143 96 50 46
internal_count=314 218 189 46 143 96 50 46
is_linear=0
shrinkage=0.04


Tree=166
num_leaves=5
num_cat=0
split_feature=0 45 22 2
split_gain=0.152937 0.183652 0.157953 0.213836
threshold=0.016335681262012802 0.032773334640499356 2.5464900844026626 0.49680629499530632
decision_type=10 2 2 2
left_child=-1 -2 3 -3
right_child=1 2 -4 -5
leaf_value=-0.0033676451852369068 0.0035866940422640547 0.0016254485868841362 0.0028949735930253718 -0.0010805176483249352
leaf_weight=20 24 62 26 182
leaf_count=20 24 62 26 182
internal_value=0 0.000238614 -4.54021e-05 -0.000376165
internal_weight=314 294 270 244
internal_count=314 294 270 244
is_linear=0
shrinkage=0.04


Tree=167
num_leaves=6
num_cat=0
split_feature=11 34 2 35 43
split_gain=0.151702 0.182887 0.148412 0.302375 0.219558
threshold=0.045274044994715358 26.189352562749711 0.49680629499530632 11.147712442766744 1.4752204894573919
decision_type=2 2 2 2 2
left_child=-1 2 4 -4 -2
right_child=1 -3 3 -5 -6
leaf_value=-0.0025972949562600095 -3.2991639569274375e-05 0.0039824479089966463 -0.0038653970131931822 0.00019588678702931066 0.0049502625801849144
leaf_weight=32 35 20 35 170 22
leaf_count=32 35 20 35 170 22
internal_value=0 0.000304626 7.20223e-06 -0.000479547 0.00182562
internal_weight=314 282 262 205 57
internal_count=314 282 262 205 57
is_linear=0
shrinkage=0.04


Tree=168
num_leaves=9
num_cat=0
split_feature=32 22 2 35 21 13 8 20
split_gain=0.148179 0.402561 0.246649 0.31331 0.155232 0.195493 0.168043 0.124616
threshold=-0.0060115666811516493 0.44060972102387119 0.5402702702702703 14.824912316476349 0.30866085238266067 0.52432126696832593 1.0099526876304241 1.080124611956615
decision_type=8 2 2 2 2 2 2 2
left_child=4 -2 -3 -4 -1 7 -7 -6
right_child=1 2 3 -5 5 6 -8 -9
leaf_value=0.0032700872528183857 -0.0059067641812212326 0.0033267415305290272 -0.0054380760108357039 0.00014705842066752286 0.0041426162875589281 -0.0032673388630918366 0.00030691401354237125 0
leaf_weight=33 22 27 20 74 26 31 60 21
leaf_count=33 22 27 20 74 26 31 60 21
internal_value=0 -0.00094195 -2.09416e-06 -0.00100328 0.000802238 0.000181195 -0.000869031 0.00229706
internal_weight=314 143 121 94 171 138 91 47
internal_count=314 143 121 94 171 138 91 47
is_linear=0
shrinkage=0.04


Tree=169
num_leaves=8
num_cat=0
split_feature=33 39 38 34 36 2 29
split_gain=0.14599 0.265436 0.308371 0.227546 0.215686 0.210595 0.190433
threshold=0.73431372549019625 5.3137879273659978 9.3081911507813064 21.957025254972354 6.0582871213789522 1.3419391698379697 42.468175390000006
decision_type=2 2 2 2 2 2 2
left_child=4 2 3 -2 -1 6 -6
right_child=1 -3 -4 -5 5 -7 -8
leaf_value=-0.0042892727010323166 3.9107738919833263e-05 0.0050660335298497875 -0.0029666516656304156 0.0038202622632942367 -0.0016562006515691951 -0.0029248879720543742 0.0026479688155002334
leaf_weight=26 94 20 38 36 25 31 44
leaf_count=26 94 20 38 36 25 31 44
internal_value=0 0.000714457 0.000169911 0.00111907 -0.00104448 -0.000157435 0.00103046
internal_weight=314 188 168 130 126 100 69
internal_count=314 188 168 130 126 100 69
is_linear=0
shrinkage=0.04


Tree=170
num_leaves=8
num_cat=0
split_feature=48 0 28 37 10 18 5
split_gain=0.140923 0.252302 0.144777 0.269957 0.132327 0.106591 0.131493
threshold=23.500000000000004 0.027052998905660656 54.692082115000012 17.92845903780783 3.2463537699366776 9.8407306360784919 8.4208851992087066
decision_type=2 10 2 2 2 2 2
left_child=5 -2 3 -3 -4 -1 -7
right_child=1 2 4 -5 -6 6 -8
leaf_value=0.0033756269905649895 -0.0044165349655873546 0.0005927366119733038 0.0042356979594894905 -0.0030235236356992508 8.4916282937211811e-05 -0.0013245054349696531 0.0021622548347934424
leaf_weight=28 24 84 20 53 37 34 34
leaf_count=28 24 84 20 53 37 34 34
internal_value=0 -0.000554106 -5.36426e-05 -0.000778264 0.00161625 0.00128431 0.000360753
internal_weight=314 218 194 137 57 96 68
internal_count=314 218 194 137 57 96 68
is_linear=0
shrinkage=0.04


Tree=171
num_leaves=5
num_cat=0
split_feature=11 34 36 14
split_gain=0.139874 0.164238 0.146824 0.147078
threshold=0.045274044994715358 26.189352562749711 3.2270661157024798 0.63683939315547489
decision_type=2 2 2 2
left_child=-1 2 -2 -4
right_child=1 -3 3 -5
leaf_value=-0.0024928865235913952 0.0030704656101408455 0.0037791179077912912 0.0023174065126236095 -0.00065913238430360987
leaf_weight=32 23 20 30 209
leaf_count=32 23 20 30 209
internal_value=0 0.000293575 1.09008e-05 -0.000267966
internal_weight=314 282 262 239
internal_count=314 282 262 239
is_linear=0
shrinkage=0.04


Tree=172
num_leaves=6
num_cat=0
split_feature=4 4 19 39 37
split_gain=0.139329 0.326199 0.133747 0.185878 0.150403
threshold=0.090457209610794467 0.15847900341571228 0.9741246760093133 5.1765706370052937 15.938809123588465
decision_type=2 2 2 2 2
left_child=-1 -2 3 -3 -4
right_child=1 2 4 -5 -6
leaf_value=0.0032309518999128197 -0.0043991250726239705 0.0002899874330527271 -0.0042407491450100684 0.0043807692966650966 0
leaf_weight=20 27 183 20 20 44
leaf_count=20 27 183 20 20 44
internal_value=0 -0.000211065 0.00019896 0.000714673 -0.00137298
internal_weight=314 294 267 203 64
internal_count=314 294 267 203 64
is_linear=0
shrinkage=0.04


Tree=173
num_leaves=6
num_cat=0
split_feature=32 13 47 5 50
split_gain=0.137198 0.152686 0.166712 0.176869 0.174955
threshold=-0.15277341603708786 0.2878313696612666 0.80263157894736847 10.252145308924488 1898.0000000000002
decision_type=10 2 2 2 2
left_child=-1 -2 4 -4 -3
right_child=1 2 3 -5 -6
leaf_value=-0.0031061948609860585 0.0027122599272816268 0.00011536935097440548 1.5254993739336931e-05 0.0044516681110510579 -0.0024286101037037165
leaf_weight=21 35 129 43 23 63
leaf_count=21 35 129 43 23 63
internal_value=0 0.000233164 -8.85707e-05 0.00162619 -0.000699381
internal_weight=314 293 258 66 192
internal_count=314 293 258 66 192
is_linear=0
shrinkage=0.04


Tree=174
num_leaves=9
num_cat=0
split_feature=33 29 43 44 25 20 19 2
split_gain=0.135161 0.233674 0.252589 0.291563 0.209081 0.326506 0.100237 0.051885
threshold=0.71354166666666685 41.277173915000006 1.7299650681679444 0.23223760596262125 0.057924413998788359 0.81471484638939617 0.75104225334867902 1.080568761369894
decision_type=2 2 2 2 2 2 2 2
left_child=4 -2 3 -3 5 -1 -6 -7
right_child=1 2 -4 -5 6 7 -8 -9
leaf_value=-0.0068302408705896399 0.0045339667143055751 -0.0039342588532802671 0.0043715209076505392 0.00043900489436213367 -0.00074629855881757842 0.00040073846291571963 0.0027244180978635226 -0.0021949714503311248
leaf_weight=20 22 30 20 124 27 27 24 20
leaf_count=20 22 30 20 124 27 27 24 20
internal_value=0 0.000653379 0.000137432 -0.000388973 -0.00105938 -0.00254168 0.000810837 -0.000621208
internal_weight=314 196 174 154 118 67 51 47
internal_count=314 196 174 154 118 67 51 47
is_linear=0
shrinkage=0.04


Tree=175
num_leaves=6
num_cat=0
split_feature=18 17 14 17 45
split_gain=0.133671 0.329626 0.135294 0.370559 0.117732
threshold=7.622009178311095 0.20854511027911601 2.7658077969101709 0.52173961748429842 0.044674134685768058
decision_type=2 2 2 2 2
left_child=-1 -2 3 -3 -4
right_child=1 2 4 -5 -6
leaf_value=0.0022305371260314473 -0.0048746423386198615 -0.0055249468244575137 0.0037470998580660326 0.00019142281213319873 0
leaf_weight=38 23 20 27 177 29
leaf_count=38 23 20 27 177 29
internal_value=0 -0.000296756 0.000105373 -0.000371134 0.00185063
internal_weight=314 276 253 197 56
internal_count=314 276 253 197 56
is_linear=0
shrinkage=0.04


Tree=176
num_leaves=6
num_cat=0
split_feature=31 43 44 21 39
split_gain=0.132545 0.150763 0.17455 0.304422 0.192561
threshold=6.5711538460000005 1.7538104030400674 0.24038523274478332 0.46368543364804132 5.1222208956463513
decision_type=2 2 2 2 2
left_child=-1 2 3 -2 -4
right_child=1 -3 4 -5 -6
leaf_value=-0.0030517064451606353 -0.0053182638641372619 0.0029151505770229815 5.3727895652175576e-05 9.7154595552553357e-05 0.0039728886433332763
leaf_weight=21 25 30 170 45 23
leaf_count=21 25 30 170 45 23
internal_value=0 0.000230475 -6.15504e-05 -0.00178469 0.000543308
internal_weight=314 293 263 70 193
internal_count=314 293 263 70 193
is_linear=0
shrinkage=0.04


Tree=177
num_leaves=5
num_cat=0
split_feature=4 4 18 20
split_gain=0.131465 0.292988 0.112823 0.152124
threshold=0.090457209610794467 0.15847900341571228 7.622009178311095 0.59273847832488424
decision_type=2 2 2 2
left_child=-1 -2 -3 -4
right_child=1 2 3 -5
leaf_value=0.0031401584946100982 -0.0041725875591220006 0.0029946510077087794 -0.0021262404392523903 0.00042049894008835747
leaf_weight=20 27 21 46 200
leaf_count=20 27 21 46 200
internal_value=0 -0.000203223 0.00018461 -4.01375e-05
internal_weight=314 294 267 246
internal_count=314 294 267 246
is_linear=0
shrinkage=0.04


Tree=178
num_leaves=8
num_cat=0
split_feature=34 17 8 13 43 44 49
split_gain=0.126441 0.33638 0.191528 0.161794 0.160211 0.213083 0.128157
threshold=17.9830182733001 0.46682076526671362 1.0099526876304241 0.52432126696832593 1.8241973149504651 0.19285753644395193 30.500000000000004
decision_type=2 2 2 2 2 2 2
left_child=1 -1 3 -3 5 -2 -7
right_child=4 2 -4 -5 -6 6 -8
leaf_value=-0.0050315653335049268 -0.0032358294984333492 0.00034075162993366695 0.0022409538717945215 -0.0039792400822688491 0.0040323035181754853 0.00031300917814800432 0.0037960559752450058
leaf_weight=26 24 31 39 23 20 131 20
leaf_count=26 24 31 39 23 20 131 20
internal_value=0 -0.00101617 6.76501e-05 -0.00142926 0.000637632 0.000224744 0.000803019
internal_weight=314 119 93 54 195 175 151
internal_count=314 119 93 54 195 175 151
is_linear=0
shrinkage=0.04


Tree=179
num_leaves=9
num_cat=0
split_feature=32 34 8 2 19 49 25 38
split_gain=0.132684 0.352117 0.182712 0.173469 0.161817 0.183766 0.139865 0.116641
threshold=-0.0060115666811516493 16.515523747822606 1.9975098316693118 1.4021555499937433 0.31486891171838666 2.5000000000000004 0.035504953108251205 5.8345859037674357
decision_type=8 2 2 2 2 2 2 2
left_child=4 -2 3 -3 -1 6 -6 -7
right_child=1 2 -4 -5 5 7 -8 -9
leaf_value=-0.0017435398911389978 -0.0056601046025753022 0 0.0024742016198501843 -0.0040771226611038946 -0.0028690168942078881 0.0051298109210489128 0.0013974875279987951 0.001561633882414385
leaf_weight=32 21 67 33 22 23 21 25 70
leaf_count=32 21 67 33 22 23 21 25 70
internal_value=0 -0.000887416 -2.91654e-05 -0.00100401 0.000762972 0.00136961 -0.000565434 0.00243369
internal_weight=314 143 122 89 171 139 48 91
internal_count=314 143 122 89 171 139 48 91
is_linear=0
shrinkage=0.04


Tree=180
num_leaves=7
num_cat=0
split_feature=50 11 2 20 43 40
split_gain=0.129723 0.228186 0.160379 0.2404 0.239459 0.127591
threshold=2867.0000000000005 0.039024637791479501 0.5402702702702703 0.59273847832488424 1.4752204894573919 1.6257584078569964
decision_type=2 2 2 2 2 2
left_child=1 -1 4 -4 -3 -2
right_child=5 2 3 -5 -6 -7
leaf_value=-0.0044324315224417406 0.0038227596724855484 -0.00040364739896352815 -0.0040813064004717277 0 0.0044151199054728255 -0.00014960682500002068
leaf_weight=20 26 35 27 155 29 22
leaf_count=20 26 35 27 155 29 22
internal_value=0 -0.000334626 0 -0.000605514 0.00172094 0.00192241
internal_weight=314 266 246 182 64 48
internal_count=314 266 246 182 64 48
is_linear=0
shrinkage=0.04


Tree=181
num_leaves=6
num_cat=0
split_feature=32 13 47 50 2
split_gain=0.128833 0.13513 0.137331 0.162705 0.101625
threshold=-0.15277341603708786 0.2878313696612666 0.80263157894736847 1898.0000000000002 1.0719605617818133
decision_type=10 2 2 2 2
left_child=-1 -2 3 -3 -4
right_child=1 2 4 -5 -6
leaf_value=-0.0030091344844108505 0.0025588892438472843 0.00015443474725235074 0.00030700806557240086 -0.0022995673471887588 0.0037901385817058842
leaf_weight=21 35 129 45 63 21
leaf_count=21 35 129 45 63 21
internal_value=0 0.000226782 -7.496e-05 -0.00063074 0.00147985
internal_weight=314 293 258 192 66
internal_count=314 293 258 192 66
is_linear=0
shrinkage=0.04


Tree=182
num_leaves=9
num_cat=0
split_feature=48 0 42 19 45 28 8 3
split_gain=0.124111 0.223893 0.194917 0.218892 0.210659 0.0642771 0.117367 0.0950603
threshold=23.500000000000004 0.027052998905660656 1.3272913256955812 0.46466994039809578 0.044674134685768058 46.247654780000012 0.9049512077744033 0.12659720163447388
decision_type=2 10 2 2 2 2 2 2
left_child=5 -2 3 -3 -4 6 -1 -7
right_child=1 2 4 -5 -6 7 -8 -9
leaf_value=0 -0.0041559546433883824 0.0049081514856664302 0.0024346911017171934 2.7427433585926372e-05 -0.0018233358237660252 0.0018896229815462862 0.0039154374661765912 -0.0018623803088538597
leaf_weight=25 24 22 22 49 101 22 28 21
leaf_count=25 24 22 22 49 101 22 28 21
internal_value=0 -0.000517534 -4.49034e-05 0.0016008 -0.00102788 0.00120768 0.00213924 0
internal_weight=314 218 194 71 123 96 53 43
internal_count=314 218 194 71 123 96 53 43
is_linear=0
shrinkage=0.04


Tree=183
num_leaves=6
num_cat=0
split_feature=32 39 13 44 18
split_gain=0.126104 0.150964 0.209912 0.260849 0.109235
threshold=0.096174987468379505 5.5155652548329774 1.1755566116563134 0.23757912833648073 7.1429907563484436
decision_type=8 2 2 2 2
left_child=1 2 4 -4 -1
right_child=-2 -3 3 -5 -6
leaf_value=0.0030947732504967335 -0.0030537098397811252 0.0034818208932664717 -0.0055854134120013376 0 0.00020199868010379197
leaf_weight=24 20 21 22 36 191
leaf_count=24 20 21 22 36 191
internal_value=0 0.000220742 -1.66462e-05 -0.00216406 0.000544798
internal_weight=314 294 273 58 215
internal_count=314 294 273 58 215
is_linear=0
shrinkage=0.04


Tree=184
num_leaves=8
num_cat=0
split_feature=32 48 19 38 38 30 42
split_gain=0.122167 0.358781 0.147479 0.169518 0.167009 0.111933 0.0949478
threshold=-0.0060115666811516493 29.500000000000004 0.31486891171838666 5.0791048915865487 6.0498470063530982 34.549071620000007 1.5333903707568395
decision_type=8 2 2 2 2 2 2
left_child=2 5 -1 -4 -5 -2 -7
right_child=1 -3 3 4 -6 6 -8
leaf_value=-0.0016579898580258879 -0.0026430501149728963 -0.0055379074110704311 0.0046484244899201903 -0.0025728110610437924 0.0013878032545678728 -5.2930206320854286e-06 0.0030223752498923246
leaf_weight=32 21 22 21 20 98 80 20
leaf_count=32 21 22 21 20 98 80 20
internal_value=0 -0.000851365 0.000732263 0.00131209 0.000681033 0 0.000562695
internal_weight=314 143 171 139 118 121 100
internal_count=314 143 171 139 118 121 100
is_linear=0
shrinkage=0.04


Tree=185
num_leaves=5
num_cat=0
split_feature=4 48 15 30
split_gain=0.121408 0.276607 0.101751 0.116741
threshold=0.090457209610794467 30.500000000000004 0.35378243961677336 31.101190475000003
decision_type=2 2 2 2
left_child=-1 2 -2 -4
right_child=1 -3 3 -5
leaf_value=0.0030169634094730537 -0.0022734234240870789 -0.0046140378642986167 -0.0019541106146481846 0.00071944724886993986
leaf_weight=20 25 21 29 219
leaf_count=20 25 21 29 219
internal_value=0 -0.000196031 0.000130734 0.000390029
internal_weight=314 294 273 248
internal_count=314 294 273 248
is_linear=0
shrinkage=0.04


Tree=186
num_leaves=6
num_cat=0
split_feature=32 13 45 30 12
split_gain=0.119194 0.124377 0.126502 0.202183 0.0980804
threshold=-0.15277341603708786 0.2878313696612666 0.032773334640499356 34.549071620000007 0.99115885542935533
decision_type=10 2 2 2 2
left_child=-1 -2 4 -4 -3
right_child=1 2 3 -5 -6
leaf_value=-0.0028949630196908071 0.0024551032441124279 0 -0.0035142567622602184 0 0.0038478284705236055
leaf_weight=21 35 20 30 187 21
leaf_count=21 35 20 30 187 21
internal_value=0 0.000217577 -7.12989e-05 -0.000471393 0.00194494
internal_weight=314 293 258 217 41
internal_count=314 293 258 217 41
is_linear=0
shrinkage=0.04


Tree=187
num_leaves=6
num_cat=0
split_feature=22 48 26 28 26
split_gain=0.114376 0.196984 0.174727 0.137738 0.0742899
threshold=2.5464900844026626 31.500000000000004 0.093854289340018715 32.46621621500001 0.12483263308555331
decision_type=2 2 2 2 2
left_child=1 2 3 -1 -4
right_child=-2 -3 4 -5 -6
leaf_value=-0.0019416057233957898 0.0025439068961931365 -0.0040432201088660977 -0.0032508373992379837 0.0009865196197244156 -2.0319112740895314e-05
leaf_weight=29 26 20 31 186 22
leaf_count=29 26 20 31 186 22
internal_value=0 -0.000221202 5.05053e-05 0.000572248 -0.00198776
internal_weight=314 288 268 215 53
internal_count=314 288 268 215 53
is_linear=0
shrinkage=0.04


Tree=188
num_leaves=6
num_cat=0
split_feature=4 4 19 19 47
split_gain=0.115596 0.246677 0.110776 0.156069 0.125742
threshold=0.090457209610794467 0.15847900341571228 0.9741246760093133 0.83121426584664848 0.69736842105263175
decision_type=2 2 2 2 2
left_child=-1 -2 3 -3 -4
right_child=1 2 4 -5 -6
leaf_value=0.0029417348999659812 -0.0038359284959046157 0.00019155435654732669 -0.0024928693045902141 0.0035942837144749096 0.0012261736092727576
leaf_weight=20 27 178 44 25 20
leaf_count=20 27 178 44 25 20
internal_value=0 -0.000193508 0.000161149 0.000631868 -0.00126817
internal_weight=314 294 267 203 64
internal_count=314 294 267 203 64
is_linear=0
shrinkage=0.04


Tree=189
num_leaves=5
num_cat=0
split_feature=31 43 22 39
split_gain=0.113784 0.129612 0.134616 0.149981
threshold=6.5711538460000005 1.7538104030400674 2.5464900844026626 5.3137879273659978
decision_type=2 2 2 2
left_child=-1 2 3 -2
right_child=1 -3 -4 -5
leaf_value=-0.0028290679768363442 -0.00070074701713409313 0.0027015654705588601 0.0029114624748335159 0.0025466220350973158
leaf_weight=21 216 30 22 25
leaf_count=21 216 30 22 25
internal_value=0 0.000212041 -5.76507e-05 -0.000346376
internal_weight=314 293 263 241
internal_count=314 293 263 241
is_linear=0
shrinkage=0.04


Tree=190
num_leaves=6
num_cat=0
split_feature=32 25 15 40 4
split_gain=0.113455 0.189896 0.151181 0.217938 0.220565
threshold=-0.08379263848396494 0.042514849403982057 0.30334273226667885 0.71446866103010975 0.92716775209913427
decision_type=10 2 2 2 2
left_child=1 -1 -2 -4 -5
right_child=2 -3 3 4 -6
leaf_value=-0.004518379715368219 -0.0029850643197195 0.00054062661152429789 0.0046064168437898378 -0.00042112091448387305 0.0025315779673816875
leaf_weight=22 20 23 20 177 52
leaf_count=22 20 23 20 177 52
internal_value=0 -0.00184851 0.000319227 0.000601781 0.000232714
internal_weight=314 45 269 249 229
internal_count=314 45 269 249 229
is_linear=0
shrinkage=0.04


Tree=191
num_leaves=9
num_cat=0
split_feature=32 19 13 13 14 31 24 19
split_gain=0.113749 0.168585 0.136486 0.129886 0.200322 0.128407 0.123576 0.092758
threshold=0.05342811577531336 0.71818417497850973 1.1463291188449831 1.5010894167574178 2.9897031240907284 6.8533437830000006 0.090456738345171969 0.51020998438132714
decision_type=8 2 2 2 2 2 2 2
left_child=2 -2 5 4 -4 6 -1 -7
right_child=1 -3 3 -5 -6 7 -8 -9
leaf_value=-0.0020121760562757012 0.00024561742941538493 -0.0041637622803078643 -0.0054213368164292017 0.0012497462890159463 0 0.0043274184133842639 0.00085433203862504865 0.00097871446352567519
leaf_weight=31 29 24 20 21 24 25 103 37
leaf_count=31 29 24 20 21 24 25 103 37
internal_value=0 -0.00167983 0.00035095 -0.00121042 -0.00247547 0.000889503 0.00016035 0.0023982
internal_weight=314 53 261 65 44 196 134 62
internal_count=314 53 261 65 44 196 134 62
is_linear=0
shrinkage=0.04


Tree=192
num_leaves=5
num_cat=0
split_feature=0 45 40 16
split_gain=0.111037 0.15083 0.107222 0.128127
threshold=0.016335681262012802 0.032773334640499356 0.74762073739931301 1.973985470420895
decision_type=10 2 2 2
left_child=-1 -2 -3 -4
right_child=1 2 3 -5
leaf_value=-0.0028677824302692318 0.0032398900737468134 0.0020637994947325538 -0.0031297801527739554 -3.1395282163466088e-05
leaf_weight=20 24 33 24 213
leaf_count=20 24 33 24 213
internal_value=0 0.000204948 -5.11154e-05 -0.000363214
internal_weight=314 294 270 237
internal_count=314 294 270 237
is_linear=0
shrinkage=0.04


Tree=193
num_leaves=5
num_cat=0
split_feature=32 42 13 43
split_gain=0.10819 0.120822 0.175625 0.123201
threshold=-0.15277341603708786 1.8048419236709041 0.2878313696612666 1.7162051724692047
decision_type=10 2 2 2
left_child=-1 2 -2 -4
right_child=1 -3 3 -5
leaf_value=-0.0027587489416531475 0.0032213418394605687 -0.0027596020683720336 -0.00023185512707062504 0.0027789512642995445
leaf_weight=21 32 20 217 24
leaf_count=21 32 20 217 24
internal_value=0 0.000206667 0.000439553 5.24138e-05
internal_weight=314 293 273 241
internal_count=314 293 273 241
is_linear=0
shrinkage=0.04


Tree=194
num_leaves=7
num_cat=0
split_feature=50 11 2 31 35 36
split_gain=0.109093 0.197767 0.136556 0.185616 0.171032 0.11667
threshold=2867.0000000000005 0.039024637791479501 0.49680629499530632 6.7802144245000013 11.147712442766744 8.3576324453571349
decision_type=2 2 2 2 2 2
left_child=1 -1 3 -3 -4 -2
right_child=5 2 4 -5 -6 -7
leaf_value=-0.0041250632836747521 0 0.0040475536281660571 -0.0030375518802648934 -0.00040407960665575472 3.2587200101032259e-05 0.0040862719729468592
leaf_weight=20 28 28 35 29 154 20
leaf_count=20 28 28 35 29 154 20
internal_value=0 -0.000310156 0 0.00171589 -0.00051611 0.00175974
internal_weight=314 266 246 57 189 48
internal_count=314 266 246 57 189 48
is_linear=0
shrinkage=0.04


Tree=195
num_leaves=6
num_cat=0
split_feature=32 39 38 25 3
split_gain=0.107012 0.125442 0.172494 0.26263 0.107016
threshold=0.096174987468379505 5.5155652548329774 9.3081911507813064 0.085571787142467715 0.04734244910966811
decision_type=8 2 2 2 2
left_child=1 2 4 -4 -1
right_child=-2 -3 3 -5 -6
leaf_value=0.0021465611377400923 -0.0028168285795631097 0.0031725882832402299 3.9074638268111025e-05 -0.0052685073421243978 0
leaf_weight=49 20 21 38 23 163
leaf_count=49 20 21 38 23 163
internal_value=0 0.000199753 -1.53576e-05 -0.00190203 0.000509286
internal_weight=314 294 273 61 212
internal_count=314 294 273 61 212
is_linear=0
shrinkage=0.04


Tree=196
num_leaves=9
num_cat=0
split_feature=34 11 28 12 24 43 47 16
split_gain=0.108561 0.277182 0.244295 0.220928 0.131579 0.158237 0.145892 0.0748442
threshold=17.9830182733001 0.20017300733797325 39.811320755000004 1.0336413084996641 0.051546408661266162 1.7538104030400674 0.90789473684210531 3.5821889212260749
decision_type=2 2 2 2 2 2 2 2
left_child=1 -1 7 -4 -2 6 -6 -3
right_child=4 2 3 -5 5 -7 -8 -9
leaf_value=-0.0046796745787267072 0.003505853508102362 -0.0038074582100453957 0.0040637264442645081 -0.0011992817528694126 -0.00079939128412783497 0.0032872762411703792 0.0027034642884499346 -0.00024329730331615248
leaf_weight=25 22 22 31 20 128 23 22 21
leaf_count=25 22 22 31 20 128 23 22 21
internal_value=0 -0.000944265 1.0605e-05 0.00192322 0.000588211 0.000192262 -0.000257531 -0.00216423
internal_weight=314 119 94 51 195 173 150 43
internal_count=314 119 94 51 195 173 150 43
is_linear=0
shrinkage=0.04


Tree=197
num_leaves=6
num_cat=0
split_feature=4 4 19 12 22
split_gain=0.106424 0.222195 0.094201 0.139589 0.116581
threshold=0.090457209610794467 0.15847900341571228 0.9741246760093133 0.87535935426802303 0.95244759942672885
decision_type=2 2 2 2 2
left_child=-1 -2 3 -3 -4
right_child=1 2 4 -5 -6
leaf_value=0.0028223924184292183 -0.0036430628999132948 -0.00042771505128070495 -0.0032998879734738411 0.0016468071560610299 0.00010381295067041425
leaf_weight=20 27 102 25 101 39
leaf_count=20 27 102 25 101 39
internal_value=0 -0.000185898 0.00014996 0.000585044 -0.00116643
internal_weight=314 294 267 203 64
internal_count=314 294 267 203 64
is_linear=0
shrinkage=0.04


Tree=198
num_leaves=7
num_cat=0
split_feature=7 17 2 2 9 32
split_gain=0.103905 0.231851 0.171042 0.304432 0.160127 0.099163
threshold=41.958564976003352 0.23584942099855535 0.5402702702702703 0.66641993584998771 70.573295908880553 0.0042490370841954004
decision_type=2 2 2 2 2 10
left_child=1 -1 -3 -4 -2 -6
right_child=4 2 3 -5 5 -7
leaf_value=-0.0042344746822531604 0.0036098965012894054 0.0023735425878992624 -0.0049418738147252285 7.1730167349363187e-05 -0.0013932254999504585 0.0020934345096490954
leaf_weight=23 29 39 22 146 34 21
leaf_count=23 29 39 22 146 34 21
internal_value=0 -0.000433492 0 -0.000563567 0.0012094 0
internal_weight=314 230 207 168 84 55
internal_count=314 230 207 168 84 55
is_linear=0
shrinkage=0.04


Tree=199
num_leaves=6
num_cat=0
split_feature=21 45 36 44 22
split_gain=0.104161 0.136739 0.139564 0.206963 0.177329
threshold=0.10160102049779822 0.032773334640499356 9.145040951673403 0.24038523274478332 0.84453286177424125
decision_type=2 2 2 2 2
left_child=-1 -2 3 -3 -4
right_child=1 2 4 -5 -6
leaf_value=-0.0027792740754078865 0.0030235059981965329 -0.003748499527361318 0.0040362230261072728 9.1463345781477549e-05 9.7339020568870308e-05
leaf_weight=20 25 35 21 57 156
leaf_count=20 25 35 21 57 156
internal_value=0 0.000196869 -5.19913e-05 -0.00132844 0.000589266
internal_weight=314 294 269 92 177
internal_count=314 294 269 92 177
is_linear=0
shrinkage=0.04


end of trees

feature_importances:
Age=162
fpl_expected_goals_conceded_p90=76
team_ppm=58
Min=54
ss_interceptions_p90=52
ss_np_goals_minus_xg_p90=50
ss_rating=41
ss_start_share=39
fpl_influence_p90=34
fpl_threat_p90=33
ss_dribbledPast_p90=30
fpl_bps_p90=30
ss_expectedGoals_p90=28
ss_keyPasses_p90=28
ss_successfulDribbles_p90=28
ss_possessionWonAttThird_p90=27
fpl_tackles_p90=27
fpl_start_share=27
ss_wasFouled_p90=26
ss_totwAppearances_p90=26
fpl_expected_goals_p90=25
fpl_goals_conceded_p90=24
fpl_clean_sheets_p90=23
ss_successfulDribblesPercentage=22
ss_accurateFinalThirdPasses_p90=21
ss_accuratePasses_p90=21
Age_sq=21
ss_accurateOppositionHalfPasses_p90=19
ss_groundDuelsWon_p90=17
ss_dispossessed_p90=17
fpl_recoveries_p90=17
ss_accurateLongBalls_p90=15
ss_outfielderBlocks_p90=15
ss_tacklesWon_p90=14
ss_goals_p90=14
ss_clearances_p90=13
ss_errorLeadToShot_p90=13
ss_aerialDuelsWon_p90=12
ss_possessionLost_p90=12
ss_totalShots_p90=12
ss_shotsFromInsideTheBox_p90=10
ss_accuratePassesPercentage=10
fpl_defensive_contribution_p90=10
ss_aerialDuelsWonPercentage=8
ss_touches_p90=7
ss_ballRecovery_p90=6
ss_groundDuelsWonPercentage=5
fpl_creativity_p90=5
ss_bigChancesCreated_p90=4
ss_expectedAssists_p90=2
fpl_clearances_blocks_interceptions_p90=1
pos_MF=1

parameters:
[boosting: gbdt]
[objective: regression]
[metric: l2]
[tree_learner: serial]
[device_type: cpu]
[data_sample_strategy: bagging]
[data: ]
[valid: ]
[num_iterations: 200]
[learning_rate: 0.04]
[num_leaves: 15]
[num_threads: 8]
[seed: 42]
[deterministic: 0]
[force_col_wise: 0]
[force_row_wise: 0]
[histogram_pool_size: -1]
[max_depth: 4]
[min_data_in_leaf: 20]
[min_sum_hessian_in_leaf: 0.001]
[bagging_fraction: 0.8]
[pos_bagging_fraction: 1]
[neg_bagging_fraction: 1]
[bagging_freq: 0]
[bagging_seed: 400]
[bagging_by_query: 0]
[feature_fraction: 0.8]
[feature_fraction_bynode: 1]
[feature_fraction_seed: 30056]
[extra_trees: 0]
[extra_seed: 12879]
[early_stopping_round: 0]
[early_stopping_min_delta: 0]
[first_metric_only: 0]
[max_delta_step: 0]
[lambda_l1: 0.1]
[lambda_l2: 0.1]
[linear_lambda: 0]
[min_gain_to_split: 0]
[drop_rate: 0.1]
[max_drop: 50]
[skip_drop: 0.5]
[xgboost_dart_mode: 0]
[uniform_drop: 0]
[drop_seed: 17869]
[top_rate: 0.2]
[other_rate: 0.1]
[min_data_per_group: 100]
[max_cat_threshold: 32]
[cat_l2: 10]
[cat_smooth: 10]
[max_cat_to_onehot: 4]
[top_k: 20]
[monotone_constraints: ]
[monotone_constraints_method: basic]
[monotone_penalty: 0]
[feature_contri: ]
[forcedsplits_filename: ]
[refit_decay_rate: 0.9]
[cegb_tradeoff: 1]
[cegb_penalty_split: 0]
[cegb_penalty_feature_lazy: ]
[cegb_penalty_feature_coupled: ]
[path_smooth: 0]
[interaction_constraints: ]
[verbosity: -1]
[saved_feature_importance_type: 0]
[use_quantized_grad: 0]
[num_grad_quant_bins: 4]
[quant_train_renew_leaf: 0]
[stochastic_rounding: 1]
[linear_tree: 0]
[max_bin: 255]
[max_bin_by_feature: ]
[min_data_in_bin: 3]
[bin_construct_sample_cnt: 200000]
[data_random_seed: 175]
[is_enable_sparse: 1]
[enable_bundle: 1]
[use_missing: 1]
[zero_as_missing: 0]
[feature_pre_filter: 1]
[pre_partition: 0]
[two_round: 0]
[header: 0]
[label_column: ]
[weight_column: ]
[group_column: ]
[ignore_column: ]
[categorical_feature: ]
[forcedbins_filename: ]
[precise_float_parser: 0]
[parser_config_file: ]
[objective_seed: 16083]
[num_class: 1]
[is_unbalance: 0]
[scale_pos_weight: 1]
[sigmoid: 1]
[boost_from_average: 1]
[reg_sqrt: 0]
[alpha: 0.9]
[fair_c: 1]
[poisson_max_delta_step: 0.7]
[tweedie_variance_power: 1.5]
[lambdarank_truncation_level: 30]
[lambdarank_norm: 1]
[label_gain: ]
[lambdarank_position_bias_regularization: 0]
[eval_at: ]
[multi_error_top_k: 1]
[auc_mu_weights: ]
[num_machines: 1]
[local_listen_port: 12400]
[time_out: 120]
[machine_list_filename: ]
[machines: ]
[gpu_platform_id: -1]
[gpu_device_id: -1]
[gpu_device_id_list: ]
[gpu_use_dp: 0]
[num_gpu: 1]

end of parameters

pandas_categorical:[]
